Name,Address,Postal Code,Location
D'aïnes,Avda. Ferrol 5 bajo,15320,As Pontes de Garcia Rodriguez
DEPORTES MANEL SANCHEZ,RUA VILALBA 4 BAIXO,27004,LUGO
Atmósfera Sport Maniotas,c/Unión 8 Baixo,15940,A Pobra do Caramiñal
Bunkai Sport,Av. del Mar S/N,15406,Ferrol
Atleet Dorna Sport,"C/ Carabela la Pinta, 6",36300,Baiona
FUTBOLEROS CARBALLIÑO,c/ Conde Vallellano 31 bajo,32500,O Carballiño
ZAMBORÁ,"C/ Joaquín Loriga, 20",36520,Agolada
Cedeira sport,Avd de España 23 bajo,15350,Cedeira
Deportes y Bicis Chapi,"Conde Fenosa 24,Bajo",32300,El Barco de Valdeorras
Tres Sesenta deportes,Rua Horta das Romeras 20 bajo,15970,Porto do Son
Compostela Judo Club,Trv. Da estrada 33 bajo d,15702,Santiago de Compostela
Atleet Dorna Sport Ramallosa,"C/ Manuel Lemos, 34",36370,La Ramallosa
Zocas,Rúa Hórreo,15100,Carballo
Cromoly,Teixugueiras 28 bajo 2,36212,Vigo
OURENSTICKS HOCKEY CLUB,Ramón Puga 31,32005,ourense
Boiro voleibol,"Avda Constitución, 32, Pabellón de A Cachada",15930,Boiro
GALIBIKE,RÚA REDONDELA 9,36940,Cangas
Óscar Eiroa Pujol,Julia Minguillón 2 3D,36201,Vigo
DEPORTES MONCHO,SALVADOR DALI,32002,OURENSE
S10,Rúa do Porto 18 bajo,27780,FOZ
SOBRE RODAS,"RUA EVARISTO VAAMONDE, 10 - BAIXO",32500,O CARBALLIÑO
LECAR 712,"Avenida Ferrol 51, baixo",15320,As Pontes de García Rodríguez
Rembrandt Moda,"Rúa Martínez de Avellanosa, 11",32500,O Carballiño
CLUB BALONMANO RECONQUISTA DE VIGO,C/ MANOLO MARTINEZ 3 BJO 2,36210,VIGO
EFF Rosalía,"Ribeira de Canedo 4, 2D",32001,Ourense
DEPORTES RAYMAN,C/ANDRÉS PAN VIEIRO 2 BAJO 2,15189,O BURGO
DEPORTES REDONET,rúa Ervedelo nº21,32002,Ourense
HOLA OLA,"AVDA LEOPOLDO CALVO SOTELO,5",27700,RIBADEO
RALLYCAR,"Calle Parroquia de Guísamo, Parcela A2 nave 7",15165,Bergondo
DEPORTES DOCOBO,Rua Virxe do Camiño 6 baixo,27700,ribadeo
Atmosfera Sport Sportec Ordes,"Rua do Muiño 28, Bajo",15680,Ordes
atmosfera sport,emilia pardo bazan 26 L3,32660,allariz
Maese Bike,Rua Padrenda 2 Baixo A,32004,Ourense
ZOCOS DEPORTES,"Avda. De Lugo 19 , Arca",15821,Arca
Club Taekwondo Vilalba Jansu,Domingo Goas 16 Baixo,27800,Vilalba
Suso Moda,Calle Ramón Cabanillas edificio Oleaxe bajo,36960,sanxenxo
Bolboreta,"Plaza de la Merced 16, bajo",32600,Verín
ESCUELA DE BOXEO CALDAS DE REIS,CL/ JOSE SALGADO Nº14 BJ B,36650,CALDAS DE REIS
Saraiba do Mar,"Lugar do Rio, núm. 25",36979,Portonovo
SPORT ROLLING,RUA MEDICO DURÁN 13,15005,A CORUÑA
JUGONES CLUB,Celso Emilio Ferreiro 37 Bajo,32004,OURENSE
Deportes Arturo,Ribeira do Maio 13,15240,ESTEIRO-MUROS
Más Sport,Avenida Marqués de Figueroa 16 bajo,15500,Fene
KERUBÍN,"RÚA REAL, Nº 6 BAIXO",15123,Camariñas
REAL CLUB NÁUTICO PORTOSÍN,"PASEO DA ROMERA, 5",15999,PORTOSIN
ATLEET,CALLE SAN MARCOS 25,27001,Lugo
DEPORTES CRONOS,"Rua Pablo Iglesias, 8 - baixo",36980,O Grove
ALICIA PEREZ FISIOTERAPEUTA,"Rúa Quintela, 23 BAIXO (patio)",36209,Vigo
Novalbos Wave Company,Pintor Laxeiro 16 Bajo,36211,Vigo
FOOT ON MARS,CALLE SAN MARCOS 15,27001,LUGO
Deportes A Chaira,Avenida Terra cha 18,27260,Castro Riberas de Lea
SAUDETER,Avd Castilla nº135,32600,Verín
KARATE-DO CARBALLO,"RÚA XASMINS, 36",15100,CARBALLO
CLUB RENBU-KAN,RÚA SOL 230 BAIXO,15401,FERROL
Mandamama,C/Ribeira n8,36800,Redondela
DBROS/ERREA SPORTS,"MANOLO MARTINEZ, 9",36210,VIGO
CIRCULO MERCANTIL DE VIGO,"Estrada das Plantas, 131",36313,VIGO
IGAROBIKES,CIUDAD DE LUGO 12,15004,A Coruña
Lápices de Colores,Mariño de Rivera 3,15960,Ribeira
Deportes Balbi,AV/ Fragoso 41 Bajo Der,36210,vigo
DAGA SPORT,ROMERO ORTIZ 2,15960,ribeira
ESGRIMA PONTEVEDRA,RÚA ROSALÍA DE CASTRO 48 4º D,36001,PONTEVEDRA
Micsport,Avda becerrea 20-22,27600,Sarria
Eumesport,avd coruña 12 b dcha,15600,PONTEDEUME
Deportes González,Avenida de Saguiñeda 149,36418,Mos
ATMOSFERA SPORT BERTAMIRANS,AVDA. MAHIA 83 BJ,15220,BERTAMIRANS
LUALE 114,"Av. Naturais de Fene, 33, 35,",15500,FENE
DEQUIP PONTEVEDRA,Galerias de la Oliva Local 2-3,36001,Pontevedra
Deportes Y Armería Núñez Enríquez,Calle Celso Emilio Ferreiro 4,32800,Celanova
DEQUIP CARBALLO,Rúa San Xosé nº 5 baixo,15100,Carballo
La zapatería de Alba,"C/Martínez Pardo,54",15310,Teixeiro
Club taekwondo Mace-sport,Palamios 27,36001,Pontevedra
Real Club Náutico de Vigo,C/As Avenidas s/n,36202,Vigo
Index sports,Enrique mariñas 14,15009,Coruña
Arteixo Surf Club,"Farmacéutico Fernández Llamazares nº4, 4ºD",15142,Arteixo
JUDO HÉRCULES,"Novoa Santos, 42, 6A",15006,La Coruña
"DEQUIP (Sanco, A Coruña)","ANDRES GAOS ,26",15010,A CORUÑA
HOBBYBIKE,carretera de vigo 14,36800,REDONDELA
MAS DEPORTE,C/CURROS ENRIQUEZ Nº20 BAJO,32500,O CARBALLIÑO
Foot on Mars Cangas,Noria N2,36940,Cangas do Morrazo
Ferrolsport,Calle Dolores 26 b,15402,Ferrol
OCIOSAUGAL,RUA Os Carris 6,32003,Valenzá
BBCA,Casa do Deporte- Avda de Castelao. S/N,15406,Ferrol
Din y Don Naron,"ESTRADA DE CASTELA 882 , BAJO",15570,Naron
ATLEET NOIA-DEPORTES CASAIS,"C/CALVARIO, 24",15200,NOIA
PIKAROS STORY,"C/DIEGO PAZOS, 36",27600,SARRIA
Pádel Costa da Morte,Polígono Industrial De Vimianzo Naves B11-12,15129,Vimianzo
PEPPO MODA,Rúa Pablo Iglesias nº7,15930,Boiro
Lamargha,Margarita taboada 2,32500,O Carballiño
Imua Paddle Surf Club Aguete,Santa María del Campo Currás 12 B,36914,Marín
Dlc kids,Vila real 9 baixo,32002,Ourense
ATMOSFERA SPORT CENTRO DEPORTIVO,CL.SAN PEDRO DE MEZONZO 28 BAJO,15701,Santiago
PADEL 8,"barrio a fenteira, 2",36720,GUILLAREI - TUI
CORE SURFING,santo domingo de la calzada 6,15701,santiago de compostela
Barminton,Real- 132,15402,Ferrol
CLUB OLIMPIC VILAGARCIA,AQUILINO IGLESIAS ALBARIÑO Nº 13 BAJO,36600,Vilagarcía de Arousa
DEQUIP (Aurorasport Cee),"AVDA,FERNANDO BLANCO,24",15270,CEE
DEQUIP ( Aurorasport A ESTRADA),"AVDA CALVO SOTELO,32",36680,A ESTRADA
SOCCERFACTORY PONTEVEDRA,"C/COBIAN ROFFIGNAC,11 BJO",36002,PONTEVEDRA
DEQUIP (ORDES),"ALFONSO SENRA,134",15689,Ordes
LICEO MARITIMO DE BOUZAS,Avda Eduardo Cabello numero 8,36209,SAN MIGUEL DE BOUZAS
Nenos Shoes,Antonia Ferrin Moreiras 13,36500,Lalin
"DEQUIP (Chocosport, Cuntis)","CIRCUNVALACIÓN DON AURELIO,53",36670,Cuntis
ATLEET CHEMA SPORT,BENITO CORBAL 14,36004,PONTEVEDRA
BELESAR SPORT,"RUA COUTADAS, 6",36204,VIGO
Deportes Señor Balon,"Rua Principal, 45",15930,Boiro
AQUADANCE,calle fray juan de navarrete 11 galerias virgen del camino local 25,36001,pontevdra
Nova Moda,Calle Francisco González Rey,32800,Celanova
FIGHT FACTORY,carretera baños de arteixo nº31,15008,Coruña (A)
DEPORTES CANEDA,fonte de San Antonio 25,15702,santiago de compostela
CLUBE BALONMAN CAÑIZA,"Rúa Progreso, 107, 4ºJ",36880,A Cañiza
DEPORTES CAPITAN,AVDA RAMON CANOSA 24 BAJO,27850,VIVEIRO
CD CONXO,RUA DA FERVENZA,15706,SANTIAGO DE COMPOSTELA
Calzados Miver y complementos,Praza da Igrexa 4,36550,Forcarei
SD COMPOSTELA,LUGAR ESTADIO VERÓNICA BOQUETE DE SAN LÁZARO S/N PORTA 15,15703,SANTIAGO DE COMPOSTELA
LA FABRICA DE ARTISTAS,"C/ JUAN BAUTISTA ANDRADE, 45",36005,PONTEVEDRA
CLUB HOCKEY RAXOI,Rua Carlos Maside Pav de Vite,15704,SANTIAGO DE COMPOSTELA
CLUB NATACION FERROL,E PARDO BAZAN S/N CP JAVIER GÓMEZ NOYA 2º P,15406,FERROL
TEIRON,valle inclan 21 bajo,15100,carballo
Centro de Pádel San Mateo,"Lugar da igrexa s/n , parroquia San Mateo",15570,Narón
FIVE SPORT,"RUA DO SOL, 19 BJ-B",36900,MARIN
Anduriña´s,"Avenida de Castelao, nº3, baixo",15320,As Pontes
pungin sport sl,cl emilia pardo bazan 5 bj,32800,celanova
MOBU DEPORTES,Conde Vallellano 4,36600,Vilagarcía de Arousa
Deportes Ucha,Curros Enríquez 28,32500,Carballiño
Parruliños Moda Infantil,Calle Pontevedra 6,36630,Cambados
MAYKELYBEST,CALLE ALCALDE FANDIÑO 11 BAJO,36950,MOAÑA
EK ACADEMY,"RUA DA CHABURRA, 11 - BAIXO",15160,SADA
Club Kung Fu Lugo,Camiño Real 164 bajo,27004,Lugo
DEPORTES XESTA-ATMOSFERA SPORT MARIN,"R/JAIME JANER ,Nº10",36900,Marín
BICIRACING,CALLE REBOREDO Nº29 BAJO,27400,monforte de lemos
CAROLAIN KIDS SC,calle ulla num 8,36680,A ESTRADA
DEQUIP TEAM CORUÑA,Ronda de Outeiro 320 baixo,15011,A Coruña
CALZADO MI CASTILLO,RUA VENEZUELA Nº27,36203,VIGO
London Centre,Rua Alexandre boveda 9,15320,As pontes
CRETO BIKES,C/ CAMPOS NOVOS Nº5,27002,LUGO
DEPORTES CIBEIRA,CALLE SANTO DOMINGO DE LA CAZADA 1,15701,SANTIAGO DE COMPOSTELA
GOLEADA,"PADRE FERNANDOOLMEDO, 4 BJ",36004,PONTEVEDRA
calzados saavedra,a.v.d. Galicia nº 74,15320,As Pontes de garcia y rodriguez
CINANIASHOP,CALLE SAN FRANCISCO 15 BAJO,36940,Cangas
EBOS RAMON AGOLADA S.L.,"CALVO SOTELO, 21",36520,AGOLADA
Atmósferasport Carballo,RÚA IGREXA 9 BAIXO,15100,CARBALLO
ManilaSportWear,"praza xoan XXIII, N3",32630,Xinzo de limia
DEQUIP TUI,"C/ Alcalde Casal Aboy, 1",36700,Tui
RUNMANIAK,Samuel Eijan 9 bajo,32003,OURENSE
TIENDA OFICIAL SD COMPOSTELA,"RUA DA RAIÑA Nº8, BAIXO",15702,SANTIAGO DE COMPOSTELA
ALONDRAS CF,"AV. LUGO, 1ª TRAVESIA CAMPO FUTBOL S/N",36940,CANGAS
SNIKER,Calle Paseo 7 Bajo,32003,Ourense
ENSINO LUGO,"AVENIDA FILARMONICA LUCENSE, PAZO PROVINCIAL DOS DEPORTES DE LUGO",27002,LUGO
C.d patin berenguela,rua xesus carro nº3 1º derecha,15705,santiago de compostela
Waira,Plaza Mario Puentes 12,36340,Nigrán (Playa de Patos)
Deportes Quintela,"PRAZA SUSO GAYOSO,14",27800,Vilalba
Todo Deporte,Calle Profesor José Antonio Míguez 1,15300,Betanzos
MEDRANDO SPORT,c\ Almirante Mourelle 43 bajo,15011,A Coruña
GIMNASIO ZUSANLI,URB.SAN ELEUTERIO Nº29 BLQ-C LOCAL COMERCIAL 3,36416,TAMEIGA
Cultura Urbana,"Fernando III O Santo, 1",15701,Santiago de Compostela
SON DO MAR SURF CLUB,Av. Ernesto Che Guevara,15172,Perillo
Siro Sport,Plaza de la mahia N°1 local 6,15220,Bertamirans
ECOLE Calzado,"Praza Maior, 2",32500,O Carballiño
GIMNASIO BITACORA,VENEZUELA 21 B,15404,FERROL
UNION DEPORTIVA OURENSE,RUA DO SERAN S/N,32002,OURENSE
Deportes Carlos Miguel,"Avenida Castrelos 19, bajo",36210,Vigo
Mercería carmen,Calle Inés de castro 2,27400,Monforte de lemos
Guitisport,Avda.da coruña n°4 Baixo A,27300,GUITIRIZ
PIRAGÜISMO C. P. PORTONOVO,Rua Epiñeiro S/N Portonovo,36970,PORTONOVO
Atleet Piñeiro,C/ Valle Inclan 22,36630,Cambados
SPOT 180 SURF SHOP,Calle Dolores 51,15402,Ferrol
Melson Sport,Calle Ramón Bares 6,36930,Bueu
Atmósfera Sport Cariño,AVENIDA CONSTITUCION 83,15360,CARIÑO
FERRETERIA AMERICANA S.L.,AVD. SANTIAGO 107,32001,OURENSE
DEPORTIBERICA,"RUA CORPIÑO, 14 PRADO",36512,LALIN
11TEAMSPORTS LUGO,Ronda Muralla 89 Bajo,27003,LUGO
"CORZO GUARNICONERIA, S.L.",Polígono Industrial parcelas 6 y 7,15810,Arzúa
WOODTOWN,AV CAMELIAS 20 BAIXO,36202,VIGO
Club Volei Praia Vigo,Praia de Samil s/n,36212,Vigo
NAUTICALIA,"Avenida de Portugal, 22 BJ",36700,Tui
Bike Galicia,calle coruña nº2,36470,salceda de caselas
Atleet Porriño,"C/ Ramón González, 44",36400,O Porriño
REAL CLUB DE GOLF DE LA CORUÑA,A ZAPATEIRA S/N,15008,A ZAPATEIRA
+ fisio,"Canto do muro 74 meiras, valdoviño",15550,Meiras
O MECO,C/ Alexandre Bóveda 87 Bajo,36980,O Grove
ALMEIRAS,RUA AS CATAS,15180,ALMEIRAS
MAZDEPORTE,ronda do progreso 18 A Picota,15258,MAZARICOS
RUBEN JUSTO FERNANDEZ,AV.ANTONIA MONTERO Nº7 4ºD,15500,FENE
ABP SPORT,"Rúa Joaquín Costa, 108 bajo",36004,Pontevedra
V&D SERIGRAFÍA,"claveles, 7 bajo",15008,A Coruña
JATAY RIBADEO,"Avenida Rosalía de Castro, bajo nº 4 , izquierda",27700,RIBADEO
MalovTM,Emilia Pardo Bazan 40,15888,Oroso
FUNDACION CIPRI GOMES,C/ Benito Vicetto,32004,Ourense
Atleet Carballiño,Rua Rosalía De Castro 8,32500,Carballiño
ENTRENOS,EIDOS 16 LOCAL 1,36800,REDONDELA
Equipat,Avenida grabanxa n11,15888,Sigüeiro
BARXESPORT,RUA DA IGREXA Nº1 BAIXO,32630,XINZO DE LIMIA
MAROÑA SKATE INDOOR,ESTRADA NOSTIAL NAVE 11 (POLIGONO LA ARTISTICA),15008,A CORUÑA
Tkd juan cee,Calle flor 14 bajo,15270,Cee
CLUB SPORT FACTORY,"RUA CASTIÑEIRA ,39 BAJO",36860,Ponteareas
AMURA SPORT,AVDA FREIXO 32,36214,VIGO
LENCERIA CAROL,AVD.CONCEPCION ARENAL 110,36950,MOAÑA
KAILUA VIGO,ESTRADA VELLA DE MADRID Nº141,36214,VIGO
Benetton,Gran vía 28 bajo,15100,Carballo
OXÍGENO SURF,MARGARITA PARDO DE CELA 26 BAJO,27850,VIVEIRO
Academia de Kenpo karate Ribeira,"Avenida Miguel Rodriguez Bautista, 46, Bajo Izquierda",15960,Ribeira
CLUB DEPORTIVO LEAM,Trovador Xoan García de Guillade,36860,Ponteareas
"ARTAI ""Dr Fleming"" (Escolas Deportivas)",Dr Fleming 39 baixo,32003,Ourense
TORÁS,AVDA. FINISTERRE 44,15145,A LARACHA
Calzados Broz,"Rúa do Convento, 20",15800,Melide
LUCUS PADEL,"Rúa B, 6, 3, 27003 Lugo",27003,LUGO
GOALKERS,RONDA DA CORUÑA 31,15800,MELIDE
NELO,BO. PLAZA 71 PARAMOS,36729,PARAMOS
Clotilde,Camelias 56,36211,Vigo
SERGIO GARCIA PEREZ,JOSE PASCUAL LOPEZ CORTON 2 9C,15008,A CORUÑA
JUGUETOS,SANTO DOMINGO Nº 35,32003,OURENSE
TUI FUTSAL,"Avda. Portugal, 48 - Bajo C",36700,TUI
Mi Gatito Pepo,Santo Domingo 41,32003,Orense
KOQUETA,"PAI CRESPO, 48",36800,REDONDELA
Juana's Sport,Praza Maior 6,15123,Camariñas
Rincón Del Valle,Carrete Baños de Arteixo 43,15008,A Coruña
Club de Remo Ría de Marín,AVDA OURENSE S/N,36900,Marín
Santa Bikes,Rúa da Liberdade 192,27600,Sarria
TUXE LIFE GLOBAL,rua o sendeiro,15172,PERILLO (A CORUNA)
CLUB ATLETISMO TUI,"HERMANOS MARISTAS, NUM. 1",36700,TUI
Urban Style Ferrol,Rua Real 130 baixo,15402,Ferrol
LUGO SALA,infanta elena 69-1B,27003,LUGO
CLUB ATLÉTICO SAN PEDRO,AVDA. SALVADOR ALLENDE Nº87,15176,Nós
ATLEET - FOOT ON MARS VILLAGARCIA,"RUA DUQUE DE RIVAS, 5, BAJO",36600,VILAGARCIA DE AROUSA (PONTEVEDRA)
ResultadoATP,C/ÍCARO N°2/A,15179,Oleiros
XISTRAIL MOUNTAIN,Praza da Catedral 14,27740,Mondoñedo
ATLEET DEPORTES ALVITE,RÚA LUGO 22,15840,SANTA COMBA
CLUB KAYAK TUDENSE,CL OLIMPICOS TUDENSES,36700,TUI
sdc ordenes,vista alegre,15680,ORDES
BICLICLETAS FARTO,"Avenida de Vigo, 44",36003,PONTEVEDRA
CLUB TRIATLON CORUÑA,CALLE ALCALDE LENS 6 -3º D,15010,A Coruña
Ana Ramos Otero,Avda. Lugo 81. Taboada,27550,Taboada
San Martín CF,"C/ Bouza de Arriba, s/n",36611,Vilaxoán de Arousa
GOLFIÑOS MODA INFANTIL,"C/MONTERO RIOS,37 BJ",27002,LUGO
Ferretería El Mirador,"Vales Villamarín, Nº 3",15006,A Coruña
GREENGOLF,"C/SINFONICA DE GALICIA, 7 PISO-1",15004,A CORUÑA
Chikitines,Plaza mayor 7 Bajo,32500,Carballiño
Kukin Calzado Infantil,Calle:Comercio nº12 bajo,27400,monforte de lemos
MOTO BAZAR,Calle Arzobispo Andrade 5,36600,vilagarcia
CLUB NATACION PONTEAREAS,LG.AS CACHADAS S/N,36860,Ponteareas
Óptica Miñoca,Fotógrafo Xose Gil 10 bajo,36209,Vigo
NORTHISDE SKATEPARK,Rúa Touriñana,15140,A Coruña
SCD SALCEDO,LG IGLESIA - SALCEDO 42,36143,PONTEVEDRA
SALITRE,PASEO DA PRAIA S/N,36693,CESANTES REDONDELA
Biziebike,"Amieiros, 3 baixo",36860,Ponteareas
Maya Moda Infantil,Calle Teixugueiras Nº10 bajo 3,36212,Vigo
Deportes Gol,Calle Cuba,36300,Baiona
Club de Hockey Compostela,"Rúa de Xesús Carro, 5 (Pavillón de Vite)",15704,Santiago de Compostela
Manuel Jose Alvarez Lopez,"Eduardo Pondal, 29",36003,Pontevedra
CLUB BÁDMINTON AS NEVES,"Lugar Antela, Tortoreos, 14",36440,AS NEVES
Club Marusia Ourense,Pablo Picasso-8,32002,Ourense
Texas Moda,Avd galicia 61,15320,As Pontes
Zapatería Romero,San Roque 7,36600,Vilagarcía de Arousa
Piragüismo Dumbria,Casa do Concello,15151,Dumbría
DEPORTES RODAS,"AVDA DE CAMBADOS, 59",36600,VILAGARCÍA DE AROUSA
PRO-RIDER,C/ BAO Nº5 BAJO IZQ,15930,Boiro
CLUB GALICIA ROLLERS,C/ Alcalde Salorio Suarez 26,15010,A CORUÑA
BOSCO,PRAZA DE DON BOSCO Nº 1,32002,OURENSE
ALLWORK,"TRAVESA DE PASTORIZA, 7 BAJO",15705,Santiago de Compostela
LENCERÍA LISI,"PAI CRESPO, Nº 28",36800,REDONDELA
PUNTO DE PARTIDO,"RUA BANQUETE DE CONXO 8, LOCAL 3",15702,SANTIAGO DE COMPOSTELA
GALICHESS,Plaza Alcalde Jose Naya 9 1c,15690,Ponte do Ba
ARTSURFCAMP,Paseo Arenal Nº 13,15107,Arnados (Razo-Carballo)
XTREMBIKE,AVENIDA CAMELIAS 49,36211,Vigo
Calzados y Deportes Iglesias,"Rua Vazquez,4",36590,Vila de Cruces
Manu Sports,Ctra. Cambre - Temple 11,15660,Cambre - A Coruña
CLUB DE GOLF LUGO,LG. SANTA MARTA DE FIXOS,27028,LUGO
DEPORTES ALBENIZ,SANJURJO BADIA 179,36207,VIGO
Padelcool,Plateria 22 bajo,36980,O Grove
DEQUIP,"Rúa Dr. Mariano Cedrón,14",27500,Chantada
M&S Casual Kids,"Calle Oriente, 2 bajo",36940,Cangas do Morrazo
Atleet Ponteareas,Plaza Mayor,36860,Ponteareas
DEPORTES ALVITE VIMIANZO,Calle Antonio Vazquez Mouzo 26,15129,Vimianzo
CLUB FLUVIAL DE LUGO,RUA FERMIN RIVERA S/N,27004,LUGO
Polisport Tui,C Foxo sn,36700,Tui
CTM CIDADE DE NARON,RUA,15570,NARON
DEPORTES ALVITE SANTA COMBA,Avenida Alfonso Molina,15840,Santa Comba
LA CLASICA,AVENIDA CORUÑA N. 399,27003,LUGO
VF Timing,Manuel Antonio nº14 3ºA,36600,Vilagarcía de Arousa
ESCUELA DE ARTES MARCIALES SAM MU DOJANG,Calle Río Mao nº26 Bajo,32001,Ourense
ESCUELA DE EQUITACION Y EQUINOTERAPIA ABRAIN,LUGAR DE TUMBIO,36380,GONDOMAR
FREE DOJO,RUA MESTRE SOUTULLO 39,27004,LUGO
Bolboretas & Valú,Plaza Portal 17,15813,Sobrado
442 BOTAS,"RUA VALIÑO, 67 BJ",15703,SANTIAGO DE COMPOSTELA
5 CORUÑA FUTBOL SALA,Ronda Outeiro 433 bj d,15011,A Coruña
GIMNASIO GARRAPUCHO,PASEO DE RONDA 56 BJ,15011,A CORUÑA
Miler Running Club,"Calle Peregrina,6 Sótano",36001,Pontevedra
WEBSITESYSEO S.L,C/MESTRE SOUTULLO 39 3C,27004,LUGO
CLUB RITMICA KENDRA,CALVO SOTELO 36,27400,MONFORTE DE LEMOS
DM SPORT TENIS Y PADEL S.L,RUA DO CARBALLO S/N,36629,VILANOVA DE AROUSA
ESCOLAS DEPORTIVAS TERRAS DE MASIDE,RUA OUTEIRO GRANDE,32570,OUTEIRO GRANDE
HANGAR4,Madame Curie 2-4,15008,La Coruña
MODA INFANTIL GATITOS,C/COMPOSTELA BAJO Nº 4,36700,TUI
RIBEIRA SACRA,ESTRADA DE SOBER,27400,MONFORTE DE LEMOS
ARMERÍA RECLAMO,"Praza Maior, 19",32550,Viana do Bolo
PUNTODEPORTE,AVDA FRAGOSO 43 BAJO,36210,VIGO
TOY PLANET,Leopoldo Álvarez 14,32630,Xinzo de Limia
Atmósfera Sport Noia,Rua de Galicia 3 bajo,15200,Noia
Real Montealegre Club de Golf,"Lugar Campo de Golf, s/n",32005,OURENSE
FEDERACION GALEGA DE BALONMAN,"RÚA FOTOGRAFO LUIS KSADO, 17 OF. 3",36350,VIGO
kaizen compostela,carlos maside 2,15704,Santiago De Compostela
JUGUETTOS,AVDA. HABANA Nº 59,32004,OURENSE
JUGUETTOS,RÍO MAO Nº 25,32001,OURENSE
SUAB MODA JOVEN,C/CORUÑA BAJO Nº 1,36470,SALCEDA DE CASELAS
"Arcensis Vive tu Historia, tienda de esgrima",C/ Puerto Rico nº4 local 3,15007,A Coruña
Galairco Tienda tiro con arco,C/ Puerto Rico 4 local 3 Tienda Galiarco,15007,A Coruña
URBO MODA,Avenida Ortigueira 114 bajo,15320,As Pontes
PONEVEDRA CF,CALLE LEONARDO ENRIQUEZ S/N,36005,PONTEVEDRA
"ARTAI ""O Vinteún"" (Escolas Deportivas)",Rio Arenteiro 7 baixo,32001,Ourense
Xtrembike,Avd de Vigo 38 bajo,36003,Pontevedra
PLENO MODAS,"ALCALDE CASAL ABOY,17",36700,TUI
Chess Excelsior,ACCESO POLÍGONO s/n PORTAL 28,32901,SAN CIBRAO DAS VIÑAS
JUGUETTOS,AVDA. RIBEIRA SACRA. C.C. PONTEVELLA,32003,OURENSE
CLUB PIRAGUISMO CAMBADOS,ALAMEDA DE SANTO TOME,36630,CAMBADOS
URBO MODA VILABA,RÚA BASANTA SILVA 22 BAJO,27800,VILALBA
nenis moda infantil e puericultura,"Rúa Roxelio Pérez, 7",15920,Rianxo
INTERSPORT BOUSO,CURROS ENRIQUEZ 5 BAJO,32003,OURENSE
INTERSPORT BOUSO,CONCORDIA 20 BAJO,32003,OURENSE
INTERSPORT BOUSO,CENTRO COMERCIAL PONTEVELLA LOCAL A 14,32003,OURENSE
H4 SKATE,AVDA LINARES RIVAS Nº43-LOCAL 23,15005,A Coruña
INTERSPORT BOUSO,CARDENAL 36,27400,MONFORTE DE LEMOS
INTERSPORT LUGO,"RUA OBISPO AGUIRRE, 7",27002,LUGO
Fundación Pazo de Mos,"Camiño A Rúa,1",36415,Pontevedra
Deportes Antonan,Avd. Castelao 93,15250,Muros
AMANCIO DEPORTES,"ROSALIA DE CASTRO, 38 BAIXO",15701,SANTIAGO DE COMPOSTELA
MINI MONSTROS,TEIXUGUEIRAS 32 P2 B2,36212,VIGO
VAN SURF,"CALLE PASTOR DÍAZ, 12, BAJO",27850,Viveiro
Seitura Adestramento Persoal,Avda. de Ferrol 35,27850,Viveiro
CLUB GRENLINS CUNTIS,RÚA XOHAN XESÚS GONZALEZ,36670,CUNTIS
BABY HOGAR VIGO,"CALLE BARCELONA, Nº 84 - BAJO",36211,VIGO
Centro Move,Rúa Otero Pedrayo N8 Baixo,36500,Lalín
TIC TAC ZAPATERIA,RUA ANTONIO PALACIOS 25 BAJO,36400,O PORRIÑO
BARRIO SPORT,"AVDA. ERNESTINA OTERO, Nº 20",36800,REDONDELA
TIENDA RAQUELITA,C/PONTEVEDRA Nº 11,36470,SALCEDA DE CASELAS
BODY & MIND GYM,LOPEZ MORA 45 BJ,36211,VIGO
CTV,Avd terra cha 174,27810,Vilalba
XANELA DA DANZA,"ROSALIA DE CASTRO, 53 BAIXO",15701,SANTIAGO DE COMPOSTELA
Toy planet,C\ Jose Santamarina 4,32600,Verin
TOY PLANET,C/Curros Enriquez 8,32003,Ourense
Club taekwondo valerics,Estaca de bares n°10,27004,Lugo
DEPORTES SOLIÑO,calle san jose nº96,36940,Cangas del Morrazo
ALWAYS TM,"PRAZA DAS ANGUSTIAS 1, INTERIOR",36419,SANGUIÑEDA
KAIZEN KARATE ACADEMY,Av. Redondela. N°21. Bajo,32400,Ribadavia
"E. VARELA E HIJOS, S.L.",RUA ARCOS MOLDES 4 BAIXO,15920,RIANXO
BEONE RIBADEO,RUA PINTOR FIERROS S/N,27700,RIBADEO
Mamá gallina,Reveriano soutullo 48 bajo,36800,Redondela
CNDR,lg porto dep,15960,RIBEIRA
VICTORIA FC,Estadio de San Lázaro Porta 13,15707,Santiago de Compostela
Ferrol Surf School,"LG Montecoruto, 120",15590,Ferrol
018_EL CORTE INGLES S.A.,"RAMON Y CAJAL, 57",15006,A CORUÑA
Dolco uniformes,Juan Flórez 71,15005,A Coruña
HOCKEY MAPAX,"RUA PRIMAVERA, 42",27002,LUGO
CLUB DE LOITAS OLIMPICAS VILALBA,BASANTA SILVA 12,27800,VILALBA
IN LEGATUM,rua casiano martinez 38,36208,Bouzas
011_EL CORTE INGLES S.A.,"GRAN VIA, 25",36203,VIGO
El Rincón de Patri,"Reveriano Soutullo N-55,bajo",36800,Redondela
0683/0720_EL CORTE INGLES S.A.,"RESTOLLAL, 50",15702,SANTIAGO
Legea Coruña,"Avda. Finisterre, 268",15010,A Coruña
KANKÚ-DAI CLUB,"LG. ARDIA, 5",36980,O GROVE
IDIOMAS SALCEDA KING´S SCHOOL,C/COMPOSTELA BAJO Nº 14,36470,SALCEDA DE CASELAS
Todo Deporte,Rúa Oza Dos Ríos 6,15160,Sada
Foot On Mars,Calle Rosalía de Castro 1,15300,Betanzos
X bikes,Jaime janer 120,36900,Marin
Área Marcial,"Area Central, local 28 A",15707,Santiago de Compostela
HELYA,Rua Gutemberg 23 C,15011,"CORUÑA, A"
XOGUETERIA DON DINO,PLAZA HOSPITAL 12,15320,AS PONTES
DON DINO VILALBA,PLACIDO PEÑA 6-8,27800,VILALBA
DON DINO SARRIA,"CALVO SOTELO, 56",28600,SARRIA
MIRA HOME,Farmacéutico M Fdez LLamazares 11,15142,Arteixo
FRANCISCO ACUÑA FERNANDEZ,avenida val miñor 13,36350,NIGRAN
SERMUGA,"Avenida de galicia, 49 bj",15620,Mugardos
Centro Ecuestre Pinteño,miñoto 10,15659,CAMBRE
Susuela,Adro 32,36800,Redondela
con buen pie,pena corneira 18 bajo,32005,ourense
TERRA DEPORTE AVENTURA,"R/ PI Y MARGALL, Nº 53",36202,VIGO
Yoga White Lotus,"Calle Cerqueiro, 17 p3 2D",36212,Vigo
ALBO,calle Margarita Pardo de Cela 19,27850,Viveiro
Calzados ALBO,calle Díaz Freijo 5,27850,Viveiro
55 SNEAKERS,calle Margarita Pardo de Cela 24,27850,Viveiro
Toy Planet,"Rua Rio Arenteiro, 1",32630,Xinzo de Limia
ALBO Factory Store,praza maior 8,27850,Viveiro
Terra Pádel,Rúa da Terra 96,27002,Lugo
Club Balonmán Ribadosar,"Avda de Bilbao 12, 3ºA",15706,Santiago de Compostela
MercaPrecio,"Concepción Arenal,70",36950,Moaña
TOPITOS,C/MANUEL RODRÍGUEZ 19,36400,Porriño
A.C.ORDES,Mestre Nicolás del Río,15680,Ordes
CLUB ATLETISMO PORRIÑO,"Polígono Indust. A Granxa, 248A",36475,"Porriño, O"
máis deporte,Domingo Antonio de Andrade 11- Bajo,15270,Cee
BICI O CON SL,LUGA SUBIDA O PONTILLON,36210,VIGO
CLUB IHD,RÚA TEIXUGUEIRAS Nº19 PORTAL 6 12C,36212,Vigo
IGAL STONE FRAN IGAL KUNG FU,C/ Brasil 50 Gimnasio A SPORT,36209,vigo
CLUB PIRAGÜISMO VILABOA,PRAIA DO AREEIRO PARDES,36141,PARDES
SEMICENTRO,Calle Ramon y Cajal nº 32 bajo,15006,A Coruña
XADREZ GALEGO S.L.,"Calle Reiseñor, nº 15",36205,Vigo
By Nené,Pz Europa 6 Bj,15660,Cambre
DEPORTES TORIBIO ARMERIA,HORREONº 5,15702,SANTIAGO DE COMPOSTELA
Baires Bikes,"Avenida Elduayen 16, Bajo",36380,"Avenida Elduayen 16, Bajo, Gondomar, Pontevedra"
SEASONS SURF SHOP,Don Bosco 3,15002,A Coruña
Atmosfera Sport,"Avda. de Vilariño, 26 Baixo",36630,Cambados
RG BIKES,CALLE CARBALLEIRA DO CHOUSIÑO Nº 9- BAJO,36540,SILLEDA
Optica celanova,Emilia pardo Bazán n14,32800,Celanova
Deportes oliver-Atmosferasport,"Avenida de Bueu,9",36940,Cangas
EL SUEÑO DE NI,"Paseo Silgar, 54 Local 4",36960,SANXENXO
SALNES BICI,RUA SEVILLA Nº27,36630,CAMBADOS
SPUTNIK,CL ECUADOR 95,36203,VIGO
Club FSV,Avd alcalde portanet 23,36210,Vigo
Deportes Estornela,Pérsico 4,15900,Padron
EUMEBIKE,"lg. Breanca-Doroña, 10",15637,VILARMAIOR
CLUB TRIATLON BETANZOS,"RUA URSULA MELENDEZ DE TEXEDA 1, 1C",15300,BETANZOS
CLUB ESCOLA DE FÚTBOL DSF,"BARRIO PRESA, 64 - PARDERRUBIAS",36472,SALCEDA DE CASELAS
ESCOLA DE TKD PATIÑO,"PURA PEREZ PRADO 4, 3C",36950,MOAÑA
Espagat Urban Gym & SPA,R/ Fernando III el Santo 12,15701,Santiago de Compostela
Colors Chester,concepcion arenal 40,36950,moaña
BALONMAN CULLEREDO,Rua do Concello 11-Tarrio,15189,CULLEREDO
SOCIEDADE DEPORTIVA SAMERTOLAMEU,PORTO DE MEIRA,36955,Moaña
GREENGOLF,"CL CTRA LA ZAPATEIRA, S/N",15141,A CORUÑA
DEQUIP,"Avda. La Habana ,34",32004,Ourense
Clube Natación Boiro,"Lugar de Quintáns, centro social Abanqueiro",15938,Boiro
Jamex,"Leonardo Rodríguez, 23",27500,Lugo
GIMNASIO DI SOM,"RUA DOS PAZOS, 137",36360,NIGRAN
LA VIEJA ESCUELA GYM,carretera Miraflores 36,36214,vigo
BJ TRAINERS & Co.,RÚA ALCALDE LORENZO,15220,BERTAMIRÁNS
CLUB DE TENIS DE LA CORUÑA,"Rúa Mahatma Gandhi, s/nº",15176,A Coruña
LOLITOS,"aldea comercial, bj46",36980,illa da toxa
RAISPORT,"RÚA EMILIO ALONSO PAZ, Nº5, BAIXO",36540,SILLEDA
clubnatacion.com,Rúa Eugenio Arbones N4 local,36210,Vigo
SR SINERXÍA FISIOTERAPIA E ADESTRAMENTO,TRAVESÍA DE ARTEIXO 287 bajo,15690,Arteixo (Loureda)
ALVAREZ,"Polígono Pocomaco, Primera Avenida, 81",15190,A Coruña
MARINO CF,Rúa das Escolas 6,15177,Mera
SANTOS SALGADO,TRAVESIA DE ARTEIXO 230 BJ,15142,ARTEIXO
Kung Tai,Rúa Ramón Aller 73,36500,Lalín
PALAVIDA,"POLIGONO INDUSTRIAL PAZOS, 70",32085,VERIN
Colexio Mariano,Urzaiz 122,36205,Vigo
Diverse Sport,Avda. Miguel Rodriguez Bautista 3 -bajo,15960,Ribeira
ATLEET XINZO,AVENIDA DE MADRID Nº 42 BAJO,32630,XINZO DE LIMIA
Deportes Brincos-Atmosfera Sport,Avda Constitución 25,15930,Boiro
FRIGORIFICOS DEL MORRAZO CLUB BALONMÁN CANGAS,CARRETERA CANGAS A ALDÁN S/N,36940,CANGAS
CONTOS,"julio Rodríguez Soto, 26 bajo",32500,O CARBALLIÑO
SAN ROQUE CASABLANCA,AVDA ALCALDE GREGORIO ESPINO N10 P1 6A,36205,VIGO
Club Loita Lugo,Av. Filarmónica Lucense s/n,27002,Lugo
CORUÑA SPORT CENTRE,C/ENRIQUE MARIÑAS ROMERO 32,15009,A CORUÑA
macron sport hub coruña,"calle gutemberg, 23D",15008,a coruña
Deportes López,Baltasar Pardal 6,15810,Arzúa
INSITU CICLISMO,Rua de Galicia 91 Bajo A,36780,A GUARDA
CLUB RITMICA CARBALLO,C/ VILA DE NOIA 82 -4B,15100,CARBALLO
CALZADOS NAYRA,AVD MADRID 44,32630,XINZO DE LIMIA
CLINIC SPORT CENTER,Zamora 65-Bajo,36203,VIGO
UB Lavadores,Cedro 2 1°Iquierda,36204,Vigo
CLUB XIMNASIA E AUGA TUI,C/ Canónigo Valiño 11,36700,TUI
ON Training & Health,Avenida Jesús García Naveira 34B,15300,A coruña
Cesar Centro óptico / Garpe Arquería,PINTOR LAXEIRO Nº 33,36500,LALÍN
CLUB CICLISTA COMPOSTELANO LOPEZ,"LUGAR MULTIUSOS DE SAN LAZARO,1",15703,Santiago de Compostela
O zapato chispón,Paseo Castelao 13,36940,Cangas
Club Arteixo Balonmán,Travesía de Sabón 12 2 izea,15142,Arteixo
Club Ximnasia Coruña,Rua Ermita Nº40,15008,A Coruña
Moledo Club Futbol,Camiño Campo da Feira s/n,36214,Vigo
Cuco Rodríguez Health & Movement Center,"Rua Carburos, 3 Bajo",36690,Arcade
Armeria Estradense,Calvo Sotelo 22-33 CTO. Comercial San Antón 9-11,36680,A Estrada
CLUB SQUADRA BOQUEIXON,"Calle Forte, Nº29",15881,BOQUEIXON
EL AULA,MEIXON FRIO 3,36800,REDONDELA
CLUB POLIDEPORTIVO MARISTAS DE LUGO,RÚA ANGEL LOPEZ PEREZ 2,27002,LUGO
Vista Alegre,"Vite, numero 20",15705,Santiago
P21 PADEL CLUB,Rúa dos Maios 13,32001,Ourense
ATLEET NEGREIRA,"Rúa da Cachurra, 10",15830,Negreira
CLUB BALONMANO PORRIÑO,RUA DOANTES DE SANGUE S/N,36400,PORRIÑO
LEIVA MOTOSPORT,"RONDA DE A CORUÑA, 52 BAIXO",15800,MELIDE
CLUB BALONCESTO SALESIANOS,"Rua Venezuela, 9",36203,VIGO
CDC RIBEIRO,Rúa Ribeiro 13.2ºB,32400,Ribadavia
zapaterias Marty,"Rua de Abaixo, 27",15920,Rianxo
SAMUEL VILA ESTEVEZ,Carretera Coutada 73,36312,VIGO
Multisport verin,Hermanos moreno19,32600,Verin
MAKINGTENNIS,"Rúa Loureiro,40",15176,San Pedro de Nos
DOJO JISHIN AIKIDO,RUA ALBARAN Nº 13,36613,VILAGARCIA DE AROUSA
Romero Zapaterías,Ronda da Coruña 29 Baixo D,15800,Melide
SAVA SERVICIOS DEPORTIVOS,"Rúa Seixo nave h1h2, Polígono Industrial de Bértoa",15100,Carballo
OZONO BOIRO,"Avenida Constitución,81",15930,Boiro
Orlando Conde Fisioterapia e Osteopatía,"Travesía do Restollal, 1-A, baixo",15702,Santiago de Compostela
Mis mejores labores,Ronda Coruña 38 Bajo,15800,Melide
Boxing Club Cidade de Lugo,Avenida dos Deportes s/n,27004,Lugo
Deportes FEIFER,Laureano Peláez 43,32600,VERIN
CENTRO EQUILIBRIUM ARTEIXO,Travesía de Arteixo 339 Bajo,15142,Arteixo
SEMICENTRO,C/ GALERA 40 BAJO,15003,A CORUÑA
CENTRO EQUILIBRIUM A CORUÑA,Rea Betanzos 2 1º dcha,15004,A Coruña
BEONE MONTERREAL,LUGAR XUNCAL 3,36393,SABARIS
SENTIA,Calle Peregrína Nº52 Bajo,36002,Pontevedra
AROUSA BIKES,RUA ALEXANDRE BÓVEDA,36600,VILAGARCIA DE AROUSA
Turbo centro de entrenamiento,c san francisco n15/17,32005,OURENSE
BUENAFORMA,TRAVESIA SAN JOSE 2,36600,VILAGARCIA DE AROUSA
deportes amarelle,calle pontevedra 23 baixo,15840,santa comba
Zapatería Casal,"Rua Un, número 20 bajo",36660,Santa Lucia
The Basketball Player,Calle Genaro de la Fuente 25 bajo,36206,vigo
CLUB BALONCESTO BRION,URB. DO BALADO 30 1ºC,15280,Brión
Club Voleibol Oleiros,"C/Orquesta los Satélites, 26 Portal1, piso1º",15179,Perillo
BASKET XIRIA,"Rúa Muíño da Pintura, nº 4 (Pav. Parga Pondal)",15100,CARBALLO
Pantin Surf Camp,"Lugar Ariño, 5",15553,Pantín
CLUB BALONMAN ATLETICO GUARDES,"PASEO DE PORTUGAL, s/n",36780,A GUARDA
CALDAS C.F.,CORTICEIRAS S/N,36650,CALDAS DE REIS
POINTBREAK,RUA CANSADOURA 27A,36340,NIGRAN
SPORTBIKE,AVDA.CORUÑA Nº68 BAJO,15960,RIBEIRA
CCD Sanxenxo - Tienda,"Pedrouzos, 3",36969,Sanxenxo
Anabeti,calle sagasta 14 bajo,36001,pontevedra
TEMPO,"RUA BUENOS AIRES,Nº19 CRTA VILAÑO VELLO",15145,A LARACHA
Real Club Nautico de Sanxenxo,Pto. Deportivo Juan Carlos I,36960,Sanxenxo
CLUB PIRAGÜISMO RÍAS BAIXAS,"Praia Xardín, s/n",15930,Boiro
Legea Lugo,"Avda. Coruña, 72",27297,Lugo
Legea Coruña 2,"Avda. Finisterre, 16",15004,A Coruña
PISCINA DE CABANA DE BERGANTIÑOS,"LG A CARBALLA, S/N",15115,Cabana de Bergantiños
TERRA SPORTS ACADEMY,"CALLE JUAN DE LA CIERVA, NUM 35",15008,CORUÑA
DOMPAVOLEI,Rúa Celso Emilio Ferreiro 29,32004,Ourense
CLUB ATHLOS,PARQUE SAN LAZARO Nº8-2º DCHA,32003,OURENSE
BALONCESTO ESTUDIANTES PONTEVEDRA,RUA JUAN MANUEL PINTOS S/n,36005,Pontevedra
BOUDSPORT,LG ESTACION 6 BJ,15680,ORDES
Zapatería Zananos,"Rua Temple, 16",15679,Cambre
Escuela de Tenis / Padel CCD Sanxenxo,"Pedrouzos, 3",36969,Sanxenxo
Real Aeroclub de Santiago,"C/General Pardiñas, 34 bajo",15701,Santiago
anxo,camiño concello n13,36312,Vigo
Team Thunder,"Rúa Recamán, 26",36915,Marín
Real Aeroclub de Santiago,Carretera Santiago-Carballo km 9.700,15870,Ameixenda
Rosa,Avenida de Santiago 117 Baixo,32001,Ourense
Webdeporte,Lugar Carrasqueira 101,36958,Moaña
CLUB ATLETISMO NARÓN,"RÍO VESPASANTE 17, BAIXO",15570,NARÓN
Gimnasio Olympuss,"Calle Primavera, 1º9 bajo",27002,Lugo
Tramo Libre,Av. Sanguiñeda 149,36419,Mos
A Óptica de Ana,Castelao 29,36980,O GROVE
CALZADOS ADRIAN,fuente alamo 1,15010,A CORUÑA
Lóstrego CF,"Hervillas, 64 - Vincios",36316,Gondomar
Trasnos Béisbol Club,"Calle Cantabria 188 , 1°",36206,Vigo
SANXENXO BALONMAN,"AV. LEON, 14 PORTAL 2 4ºIZQ",36969,PONTEVEDRA
Roller Ourense Store,Galerías Parque San Lázaro Local 18,32003,Ourense
ZAPATERIA PASO A PASO,"R/ CONCEPCION ARENAL, 40",36780,A GUARDA
Cume Norte,C/ panaderas 9 bajo,15001,A Coruña
Cocolatte,Plaza Mayor 12,27850,Viveiro
C.B.Rianxo,"Rúa Irmáns Insua, 53 baixo",15920,Rianxo
SOCIEDAD DEPORTIVA E CULTURAL ASMUBAL MEAÑO,"PAVILLÓN COIRÓN DENA, S/N, DENA",36967,MEAÑO
MERCERIA BARROSIÑA,"CL EDUARDO IGLESIAS,12",36380,GONDOMAR
ESCOLAS BALONMAN XIRIA,C/VILA DE NOIA - PAB. ZONA ESCOLAR S/N,15100,CARBALLO
ASOCIACIÓN DEPORTIVA XIRIA,C/ VILA DE NOIA - PAVILLON ZONA ESCOLAR S/N,15100,CARBALLO
REAL CLUB CELTA DE ATLETISMO,"Rúa Angel Llanos 13, baixo",36209,Vigo
Calzados Adrian,Rua Nueva 12,15003,A coruña
Calzados Don Adrian,Rosalia de castro 8,15680,Ordes
Baldani Concept Store,pablo iglesias,15930,BOIRO
Club Atletismo Femenino Celta,"Rúa Angel Llanos 13, baixo",36209,Vigo
MELSON SPORT,"AVDA MARQUES DE VALTERRA, 111",36910,ESTRIBELA
CLUB DEPORTIVO ALDEBARAN,"avenida marques de figueroa,nº 19",15560,San Sadurniño
Club Tenis Ponteareas,Xinzo - Rocha 90,36891,Ponteareas
Ritmolugodance,CALLE MONTIRÓN NO 47 BAIXO,27002,LUGO
CND RIVEIRA,LG PORTO DEPORTIVO,15960,RIBEIRA
A Óptica de Ana,Alcalde Xacobe Barral Lorenzo 5,36980,O Grove
AtmosferaSport Lugo,Salvador de Madariaga 2,27002,Lugo
ATLEET MUROS-DEPORTES CASAIS,"C/ANCHA, 7",15250,MUROS
ATLEET RIBEIRA-DEPORTES CASAIS,"C/ MARIÑO DE RIVERA,14",15960,RIBEIRA
FOM RIBEIRA-SNEAKER STORE RIBEIRA,"PLAZA DO CONCELLO, 18",15960,RIBEIRA
EUMEBIKE PONTEDEUME,"Av. A Coruña, 23 bajo",15600,pontedeume
EUMEBIKE OLEIROS,"C/ GRAXAL, Nº 4",15179,OLEIROS
EQUIPEMOS,ESTRADA PORRIÑO REDONELA 161 BJ,36415,MOS
Deportes ureca,Avda manuel lemos 124,36350,Nigran
COCO RIBADEO,"Avenida Rosalía de Castro, 2 bajo",27700,RIBADEO
JATAY BURELA,"CALLE MANUEL MURGUIA, 5",27880,Burela
COCO BURELA,CALLE MANUEL MURGUIA,27880,Burela
ATMOSFERA SPORT,"Virgen de los remedios, 8",36860,Ponteareas
Tramo Libre,Av. ourense 27,36940,cangas
DEPORTES ELIDE,RONDA MUSICO XOSÉ CASTIÑEIRA,27002,LUGO
Calzados Iglesias,"Avda. de Lugo, 12",15810,Arzúa
Judo Club Culleredo,Polígono do Temple nave 43-44,15679,A Coruña
Calzados Iglesias,"Avda. do Parque, 29",36540,Silleda
CICLOS COCIÑA,"RUA EUGENIO LOPEZ, 9 BAIXO",15330,ORTIGUEIRA
Bm Tui,Rua Canónigo Valiño,36700,Tui
Blue Indoor Sport,"Calle Manolo Martínez, 2",36210,Vigo
PODIUM SPORT,rua de lugo 3,15960,RIBEIRA
TrialBiciCoruña,"Avenida Almeiras 19, nave 2",15180,Almeiras
GALIA TKD,Rúa Pintor Laxeiro 45 bajo,36004,Pontevedra
GLITTER,RUA VIRXEN DOS REMEDIOS Nº16 BAIXO,36860,PONTEAREAS
BAÍÑA FTBOL SALA,Pavillón Municipal de Baiona,36300,Baiona
Padysport,"Joaquín Alonso,9",36780,A Guarda
Deportes Tri Sport,Avenida Estacion 12,32350,O Barco de Valdeorras
SHARK,"URBANIZACION LOSADA, 15",32350,A RUA DE VALDEORRAS
SPORT MODA ARZUA,Rúa de Lugo nº 24,15810,Arzúa
SPORT MODA MELIDE,"Rúa Cantón de San Roque, nº 38-40",15800,Melide
CABO SPORT ATLEET CEE,Avenida Lino Rodriguez Madero 9,15270,Cee
CABO SPORT ATLEET FISTERRA,FEDERICO AVILA 7,15155,Fisterra
HOCKEY OLEIROS,"Pza. da Liberdade s/n,",15176,Nos
HOLA OLA OUTLET,"AVDA. LEOPOLDO CALVO SOTELO, 20",27700,RIBADEO
HOLA OLA FOZ,"C/ MARTINEZ OTERO, 2",27780,FOZ
HOLA OLA CORUÑA,"C/ ALFREDO VICENTI, 32 BAJO",15004,A CORUÑA
CLUB DO MAR BUEU,barrio pescadoira,36930,BUEU
CLUB DE PATINAXE ARTISTICA ESPIRAL,"AVDA DE COMPOSTELA, 53 - PAVILLÓN POLIDEPORTIVO DE PADRON",15900,PADRÓN
ALERTANAVIA,"Lamelas 5, Entresuelo, Oficina 6",36212,Vigo
E.D.VIGO2015,"Calle Manolo Martinez, 2",36210,vigo
XESTOS MODA INFANTIL,RUA COLON 1 BAJO IZDA,32800,CELANOVA
BTT ESMELLE,LOCAL SOCIAL DE ESMELLE S/N,15594,FERROL
BASQUET CORUÑA,"Arquitecto Rey Pedreira, 3. Bajo",15011,A CORUÑA
CLUB WATERPOLO SANTIAGO,RÚA TRAS SANTA ISABEL-COMPLEXO DEPORTIVO SANTA ISABEL,15705,SANTIAGO DE COMPOSTELA
PIBE´S TEAM,Rua Orense S/N Portal 18 Puerta 3 Piso 3ºK,36960,SANXENXO
Foot On Mars Tui,Calvo Sotelo 15 Bajo,36700,Tui
Foot On Mars Redondela,"Alfonso XII 16, bajo",36800,Redondela
Sotkatt Redondela,"Alfonso XII 32, bajo",36800,36800
Foot On Mars Pontevedra,"Benito Corbal 21, bajo",36001,Pontevedra
Sotkatt Bueu,Eduardo Vicenti 6,36939,Bueu
Padelprix Santiago,"Calle de Polonia, 31",15707,Santiago de Compostela
ROLA CENTRO DEPORTIVO,"Rúa Fernando III O Santo 30, baixo",15701,Santiago de Compostela
GALOGRIN,URB. OS VERXELES,15886,TEO
CRAT,"Marcial del Adalid, 8 4º izda.",15005,A Coruña
JUGUETTOS,C/CARDENAL Nº 31,27400,MONFORTE DE LEMOS
Dequip Deportes Hermida,Montero Ríos 8,15200,Noia
Dequip Deportes Hermida,Pablo Iglesias 6,15930,Boiro
ESCUELA DE ARTES MARCIALES Y FITNESS KEMPO BARBANZA,Clara Campoamor 2 bajo,15960,Ribeira
ARTE E MOVEMENTO,"RUA LUGO 3, 1ª PLANTA",15270,CEE
ADB FONTIÑAS,"R. de Dublín, 3",15707,"Santiago de Compostela (A Coruña, España)"
MALDITA BUENA SUERTE,"LG. FRAGA 84, PARROQUIA DE CORTIÑAN",15319,PARROQUIA CORTINÑAN
GRUPO BAZAN,"República Argentina, 15 bajo",15404,Ferrol
ATMOSFERA SPORT CORUÑA,"Paraguay, 5-Bajo",15011,a coruña
Ciclos Ordes,av alfonso Senra 26-28 bajo,15680,ordes
EKATETEAMWEAR,alfonso senra 155 bajo,15680,ordes
CD Torres de Altamira,"Carballeira de Santa Minia, 2",15865,Brión
TIRAN S.D.,"JOSE COSTA ALONSO, 1",36950,MOAÑA
MAISQUEAUGA COIA,PRAZA DA TELLADA S/N,36209,VIGO
CLUB PIRAGÜISMO CIUDAD DE LUGO,LG. SAAMASAS S/N,27004,LUGO
VIAXES AMARELLE F.S.F.,WENCESLAO FERNANDEZ FLOREZ,15005,A CORUÑA
TEDAGA,"RÚA SOUTO, 129, SAN XOAN DE FILGUEIRA",15404,FERROL
MAISQUEAUGA BARREIRO,C/ URANIA MELLA SERRANO,36205,VIGO
CLUB XIMNASIA PAVILLÓN OURENSE,PARDO DE CELA Nº 2,32003,OURENSE
MAISQUEAUGA NAVIA,Rúa lamela s/n,36212,VIGO
TENDAS RCCELTA,"RUA PRINCIPE, 44",36202,VIGO
FUNDACION CELTA DE VIGO,"RUA PRINCIPE, 44",36202,Vigo
Balonmán samertomaleu,Porto de meira s/n,36950,Meira-Moaña
3DEZA8,"Poligono industrial de Silleda Area 33, parcela 4.4.1",36540,Silleda
GALEA SPORT,c/ Galea 10 Bajo,15630,Miño
tenda RCCELTA ABANCA BALAIDOS,avda balaidos,36210,Vigo
GALEA SPORT PONTEDEUME,C/ Pescadería 5,15600,Pontedeume
Galea Sport Ferrol,C/ Batalla de Brión 1 Bajo,15405,Ferrol
CLUB DEPORTIVO UNIÓN DEPORTIVA CERQUEDA,AS CORTES 7,15113,Malpica de Bergantiños
ndorfina sports,Campo Castillo nº57,27001,Lugo
AVANZA,"DOANTES DE SANGUE, 2",36400,O PORRIÑO
PODIUM BIKES,"CALLE JULIO SEXTO, 9 LOCAL 55G",36770,O Rosal
Escola Xadrez Pontevedra,"Praza Fermín Bouza Brey 2, Local H",36004,Pontevedra
LIVING SPORT,c/ Trapero Pardo 16,27780,Foz
DEPORTES ELIDE OUTLET,RUA ANTON FRAGUAS 3 BAIXO,27001,LUGO
Carballal Balonmán,Lugar Carballal - Loureiro,36318,Vigo
CLUB DEPORTIVO KANG,Rúa Tras do CADAVO 5 Bajo,15500,Fene
AFFAIRS,Herdeiros 28,36715,TUI
BERGANTIÑOS F.C.,Campo de fútbol As Eiroas - Polígono Industrial de Bértoa,15105,Carballo
ESCOLAS DE FÚTBOL LUÍS CALVO SANZ,Campo de fútbol As Eiroas - Polígono Industrial de Bérto,15105,Carballo
CLUB ATLETISMO SAMERTOLAMEU,PABELLON DE DEPORTES DE REIBON,36950,MOAÑA
DEPORTES DYNAMIS,C/ PAZOS FONTENLA 72,36930,BUEU
Intima 3,Montero Ríos 18 bj,36940,Cangas
PADELPRIX,Pol Ind San Cibrao das Viñas Calle 3 Nave 4,32911,Poligono Industrial San Cibrao das Viñas
Sealsa,Pardeso 10,36164,Montecelo
A Tenda de Ma,Rúa Castelao 8,15129,Vimianzo
BALONMAN XALLAS,LUGAR OUTEIRO CASTRIZ,15848,SANTA COMBA
Club Korbis,RAMÓN VALLE INCLÁN 9 BAJO,27400,MONFORTE DE LEMOS
taekwondo,Sebastian Martinez Risco 1,15009,a coruña
PANGEA,Calle Vila de Noia 34 Bajo,15100,Carballo
Nadira aljayde,Real 76,27320,Quiroga
FORRAJES SALNES SL,c/ Pazo 1 Mosteiro,36637,Mosteiro
REAL 185,CALLE REAL 185,15402,FERROL
MOTO BIKE PONTEVEDRA,camino viejo castilla 4,36002,PONTEVEDRA
GIMNASIO SPORT CENTER Villalba,"Porta de Cima ,29",27800,Villalba
CLUB DEPORTIVO CONCELLO PEREIRO DE AGUIAR,RUA A CHAIRA SN,32710,O PEREIRO DE AGUIAR
PICHI SPORT,"calle rosalía de castro,13-bajo",27880,burela
DEPORTES MATIAS,"Marques de Trives, 19",32780,Puebla de Trives
MISS MODAS GRAFICAS,"RUA DO BUXO, 3 BJ",15895,O MILLADOIRO
SD Teucro,calle juaan manuel pintos s/n,36002,pontevedra
KALEIDO UNIVERSIDADE DE VIGO RUGBY CLUB,"primeira travesia de santiago de vigo 1, 3º",36201,vigo
bm. Chapela,avd de redondela,36320,chapela
SPORTING CAMBRE,Quintán S/N,15660,Cambre (Santa Maria)
Clínica de Fisioterapia A Cuña,"Avda Universidade 6, bajo",32005,OURENSE
DEXIRO,Zamora 71,36203,VIGO
MULTIUSOS FONTES DO SAR,DIEGO BERNAL S/N,15702,SANTIAGO DE COMPOSTELA
Sanxenxo Paddle Surf Club,Forxán 12,36979,O Vinquiño
Doble L,Calle Jose Regojo 14,36800,Redondela
Compostela Esgrima,"Rúa das Cancelas, 98 soto",15703,Santiago de Compostela
LARACHA C.F.,Campo Municipal S/N,15145,Laracha (A)
mas queniños,"Plaza Constitución, 8 bj.",36800,REDONDELA
VÉSTITI YOUNG&KIDS,"Rúa Castelao, bajo 12, fachada Sagasta",36001,-Pontevedra
Asociación deportiva umi,constitución 6,15679,o temple
CLUB PIRAGUISMO URBAN HOTEL,"Avd. Antonio Meiras Goas, S/n",27850,VIVEIRO (CASCO URBANO)
MC BIKES,Bulevar Os Tamara R1 Bajo,15200,Noia
ADRIOKAYAKS (JOSE ANTONIO FERNANDEZ ADRIO),"SAN MARTIÑO, S/Nº. SAN SALVADOR DE CASTELO",27185,LUGO
CPA BOLBORETA REDONDELA,AVENIDA MENDIÑO 34,36693,REDONDELA
CRCC,"PEIRAO S/N, PORTO DE CABO DA CRUZ",15939,Boiro
JUDO CLUB CORUÑA,"Pintor Seijo Rubio,nº19-bajo",15006,A CORUÑA
leones de oroso cbs,xuncal 13 2A,15888,"Sigüeiro, Oroso"
PIRAGUISMO POIO,lugar canteira s/n nave deportes nauticos,36993,COMBARRO (POIO)
CLUB INSTITUTO ZALAETA,RÚA MARÍA VICTORIA FERNÁNDEZ ESPAÑA 2,15002,A CORUÑA
Saray Leira fisioterapia,Poeta perez paralle s/n,15401,Ferrol
CBS CAMBRE,Rio Mero 6 - 1º C,15660,A Barcala
GIMNASIO WUDANG,"Castañal, 16",36860,Ponteareas
Foot on Mars,Hórreo 17 bajo,15702,Santiago de compostela
COOLSPORT,CARRETERA NACIONAL 540 KM 6.2 NAVE 1,32890,BARBADAS
INTERSPORT RIBEIRA,"Rúa Mariño de Rivera, 4",15960,Ribeira
CLUB DEL MAR DE SAN AMARO,PASEO DEL CLUB DEL MAR 1,15002,A Coruña
INTERPORT LALÍN,"Rúa Principal, 17",36500,Lalín
INTERSPORT CALDAS,"Calle Laureano Salgado, 1 - 3",36550,Caldas de Reis
INTERSPORT RUBIANES,"Avenida Rubianes, 9",36600,Vilagarcia de Arousa
INTERSPORT CC AROUSA,"Parque da Xunqueira, s/n ( 1ª planta)",36600,Vilagarcía de Arousa
INTERSPORT MOURENTE,"Av. Lugo, 68",36004,Pontevedra
iNTERSPORT VIGO,"R. López Mora, 56",36211,Vigo
Miclubpadel,Rua do Cobre B2,15105,Carballo
Santa Isabel,Tras Santa Isabel S/N,15705,Santiago de Compostela
Piscina de Sar,Rua das Fontes do Sar,15702,Santiago de Compostela
BALONMAN POIO-ARTAI,"Rua da Seca,nº44",36995,Poio
PILLABANS,RUA EMILIA PARDO BAZAN 2 - BAJO,32800,CELANOVA
CLUB BALONCESTO VILAGARCÍA,ARZOBISPO ANDRADE,36600,Vilagarcía de Arousa
ONE SURF ACADEMY,C/ O Campo 33 Bj,15113,Malpica
Mosquito,"Avenida de A Coruña 27, Bajo",27300,Guitiriz
BEONE A MALATA,A Malata s/n,15591,Ferrol
REAL FEDERACIÓN GALLEGA DE VELA,"MUELLE DE BOUZAS, S/N",36208,VIGO
SERVIOCIO VAL MIÑOR,Rua Manuel Lemos s/n,36370,Nigran
SERVIOCIO PONTEDEUME,Travesia Rio Eume s/n,15600,Pontedeume
SERVIOCIO REDONDELA,Paseo do Pexegueiro 5,36800,Redondela
CMI CLUB DE CAMPO,Lg. de Pazos S/N,15405,FERROL
CLUBE BALONMAN MOAÑA,MARIA MARTIN Nº4,36959,MOAÑA
TERMARIA CASA DEL AGUA,c/ MANUEL MURGUÍA Nº 3 EDIF. CASA DEL AGUA 2ª PLANTA,15011,A CORUÑA
SERVIOCIO VILAGARCIA,Rua Adolfo Pedrido Morla s/n,36611,Vilagarcia
BEONE AMES,Camiño Novo s/n,15220,Bertamirans
PLENO MODAS,"AVENIDA GALICIA, 11",36866,PONTEAREAS
PLENO MODAS,"CASAL ABOY, 3",36700,TUI
PLENO MODAS,"MANUEL AVAREZ,30",36780,A GUARDIA
CLUB PIÑA TEAM,MAR CANTABRICO 127,27004,LUGO
SERVIOCIO MUGARDOS,Rua San Victorio s/n,15620,Mugardos
BEONE LUGO,Calle Cornubia 5,27202,Lugo
BEONE CAMPOLONGO,Calle Vazquez de Parga 5 - 2º,15100,Carballo
BEONE CAMPOLONGO,Plaza da Constitucion s/n,36003,Pontevedra
AQUAFIT,Calle Vazquez de Parga 5 - 2º,15100,Carballo
TUSWING S.L.,RAMIRO SABELL 2-4ºF,36860,Ponteareas
BEONE ARTEIXO,Av. Arsenio Iglesias s/n,15142,Arteixo
BEONE TEO,Av. República Arxentina 23,15883,A Ramallosa
BEONE BRION,Aldea Pedrouzos s/n,15865,Brion
Club de Regatas de Perillo,"Avda das Américas, 33",15172,Perillo
BEONE RIANXO,Calle Rosalia de Castro 6 - A,15920,Rianxo
BEONE CAMBADOS,Calle Pombal s/n,36630,Cambados
SAR,"Paseo Pexegueiro, 4",36800,Redondela
GUARNICIONERIA MOURIÑO,CALLE BENITO CORBAL 3 BJ,36001,PONTEVEDRA
ATLÉTICO NOVAS,C/ SIMON DEL MAZO S/N - PAVILLÓN MUNICIPAL DO ROSAL,36770,O ROSAL
VICTOR LEMOS OJEA,ROSALIA DE CASTRO 90 4ºB,36450,SALVATERRA DE MIÑO
AQA OURENSE,Campus Universitario s/n,32004,Ourense
CALZADOS SEIJAS,"Rep. Arxentina, 18",15701,Santiago de Compostela
RIVER STONE,"AVDA. DEL BIERZO, 44, 2ºA",32300,O BARCO DE VALDEORRAS
CALZADOS SEIJAS,C.C. As Cancelas,15707,Santiago de Compostela
CALZADOS SEIJAS,C.C. Area Central,15703,Santiago de Compostela
TWELVE PADEL ZENTER,Fragosiño 30,36214,VIGO
CLUB OURENSE VOLEI PRAIA,"Jenaro Villamil nº4, 4º",32002,Ourense
REAL CLUB DE GOLF LA TOJA,Isla de La Toja s/n,36991,O Grove
Centro Deportivo D10,LUGAR MOSTERIO,27150,LUGO
Atmósfera Sport Burela,"Avd. Arcadio Pardiñas, 161 bajo",27880,Burela
MARTON SPORT,RUA NOVA 2 BAJO,27560,MONTERROSO
WS-XTREME CLUB,CAMIÑO DO CONCELLO 13,36312,BEADE
Deporte s O Mar,"Alexandre Bóveda,119",36980,Pontevedra
VIRAXES SL,"DESIDERIO VARELA, 8 BAJO, LOCAL 5",15100,Carballo
ESCOLA LUBIANS DE HOCKEY E PATINAXE,carballo calero,15100,A Coruña (Provincia)
JUDO CLUB TRASNO,RUA ROSALIA DE CASTRO S/N,36470,SALCEDA DE CASELAS
TO + FISIO,Avenida de La Coruña Numero 3 Bajo,36005,Pontevedra
MAREVENTO,Avda. Galicia 52 Bajo,36620,Vilanova de Arousa
"BORDA CUATRO OURENSE,S.L.",ESTRADA CELANOVA,32911,SAN CIBRAO DAS VIÑAS
Cluteca,"Airiños do Monte, nº 24",36940,Cangas
MUNDO FESPORT,CL CHANTADA 145 BAJO,27400,Monforte de Lemos
CF MONFORTE,"CL Duquesa de alba, 95",27400,MONFORTE DE LEMOS
Escuela de Piragüismo Ciudad de Pontevedra,Avd Corbaceiras sn,36002,Pontevedra
ESCUELA DE TENIS MARINEDA,"Rua Lendoiro 29, A Barcala",15660,Cambre
HOCKEY CLUB CAMBRE,Lugar de Mercurin,15181,Anceis
ED Val Miñor Nigrán,Manuel Lemos 124,36350,Nigrán
Club Hipico Juan Oliveira,Finca mouriscade - vilanova s/n,36515,Lalin
Salnés Futsal,"Camiño do foro1, a torre",36600,Vilagarcía De Arousa
CLUB BALONCESTO ARXIL,SAN NICOLÁS 13-2º IZ,36002,PONTEVEDRA
Jesús Rodríguez Pérez,Rosalía de Castro Nº15 2º IZQ,15960,Santa Uxía de Ribeira
Tienda de golf la toja,Club de golf la Toja,36991,O grove
CLUB NÁUTICO CASTRELO DE MIÑO,Avda. do Concello 2,32430,CORTIÑAS
BOA VILA BASKET,C/ Benito Corbal 35 7º,36001,Pontevedra
Mercería Xeitosiña,Reveriano Soutullo 39 bajo,36800,Redondela
BICICLETAS OLIVEIRA,CALLE SANCHEZ FREIRE 90 BJ,15706,SANTIAGO
CLUB XIMNASIA ESCOLA PAVILLÓN,C/ Pardo de Cela nº 2,32003,Ourense
CLUB NATACIÓN DE XOVE,LUGAR CENTRO CIVICO S/N,27870,XOVE
Multiservicios alameda,Rua conde vallellano 10 bj.,32500,O carballiño
CLUB CARBALLIÑO FUTBOL-SAA,LG monte de veiga S/N,32500,O Carballiño
Arkhé,Pedro Galán Calvete nº9,15002,A Coruña
DACSS,Rúa Tomás Mirambell N°103 bajo,36340,Panxón
ESCOLA LUGUESA DE XADREZ,PARQUE DE FRIGSA NAVE DE ASOCIACIONES,27002,Lugo
Club Patinaxe Aehde O Carballiño,Alberto Vilanova SN,32500,O Carballiño
OPTICA STUDIO,"C/ venezuela, 47",36203,Vigo
COLEGIO SEI SAN NARCISO,Lugar Chan do Monte 27,36911,Marín
GESTIÓN DE INSTALACIONES DEPORTIVAS SEIMARIN SL,Lugar Chan do Monte 27,36911,Marín
Atleet Barrantes,C/ Valle Inclan 4,36636,Barrantes
Atleet Sanxenxo,Paseo de Silgar 60,36960,Sanxenxo
Foot on Mars Cambados,Calle Real 9,36630,Cambados
Pontevedra Rugby Club,Rua Real 24,36002,Pontevedra
Atmosfera Sport Sarria,Rua Liberdade 78,27600,Sarria
CALZADO INFANTIL JUVENIL SALDAÑA,CALLE SERAFÍN AVENDAÑO 13 BAJO,36201,VIGO
FUIKAOMAR,CALLE FOTOGRAFO LUIS KSADO 5,36209,VIGO
CD COMPOSALA,SANCHEZ FREIRE 35 1ºA,15706,SANTIAGO DE COMPOSTELA
GOLF RIO CABE,Finca Acea - Ribasaltas,27400,Monforte de Lemos
pilla bikes,AVD ROSALIA DE CASTRO 20 BJ IZQ,27700,RIBADEO
Optica Studio,"R/TEIXUGUEIRAS,23 NAVIA VIGO",36212,Vigo
Óptica Studio,Rua Grove s/n,36209,Vigo
Optica studio,"R/Eugenio Sequeiros, 14",36940,Cangas
Óptica Studio,"Rua Travesía de Vigo, s/n",36206,Vigo
JUDO CLUB BASE,"Rua Manuel Cabada Vázquez, 14",36680,A Estrada
Alia deportes,"Miguel Rodríguez bautista 46,bajo",15960,Ribeira
MURALLA RUGBY,RUA GARCIA ABAD 6-10 E2,27004,Lugo
Marque Cycling,Antón Losada Dieguez n6,36680,A Estrada
C.H. Haras de Compostela,"Texexe, 41",15866,Calo
BICIPAIXON,AVENIDA DAS AMERICAS Nº83 BAJO A,27004,LUGO
As de picas,Carreteras de cobas,15405,Ferrol
FLORIDA GYM,Avenida de Florida 32 bajo,36210,Vigo
Padel Nuestro Santiago,García Prieto 8 bajo,15706,Santiago de Compostela
UNION DENA,LUGAR SEIXIÑOS 78,36967,MEAÑO
PORRIÑO INDUSTRIAL F.C.,RELVA,36400,Porriño (O)
Coruxo F.C.,"Estrada do Vao, s/nº",36330,Vigo
Physio centro de Osteopatía y Fisioterapia,"C/ Alcalde Salorio Suárez, 9, bajo dcha",15010,A Coruña
Escola de rugby Astérix Viveiro,Lodeiro,27850,Viveiro
Fulcrum Fisioterapia,"Avd. Porteliña, 11 baixo",15250,Muros
Eolo Nautica,Puerto Deportivo Juan Carlos I Local Nº1,36960,Sanxenxo
DEPORTES VEGA,rúa lisa 2,32600,verin
MAREANTES RUGBY CLUB,"Rúa San Nicolás, 3, baixo",36002,Pontevedra
quintena ribeira,paseo das carolinas 14 baixo,15960,ribeira
CDN CIUDAD DE SANTIAGO,TRAS SANTA ISABEL S/N,15704,SANTIAGO DE COMPOSTELA
DZ DEPORTES,RUA DA PRAVIA 28,27800,Villalba
"CALZADOS ARAUJO, S.L","C/ FRANCISCO GONZALEZ REY 9, BAJO",32800,CELANOVA
Club Remo Vigo,"Rua do Pazo, 4 Bj",36208,Vigo
Legea Vigo,"Av. do fragoso, 28",36210,Coia
CHEMA SNEAKRS,"DANIEL DE LA SOTA, 9",36001,Pontevedra
Club LOITA Lugo,Av. Filarmónica Lucense s/n,27002,Lugo
Lolitos,Aldea comercial bajo 46,36980,Illa da toxa
Dlc kids,Tomas Maria Mosquera 24 bajo,32500,Carballiño
JUGUETTOS,PARQUE COMERCIAL A REVOLTA. AVDA. DA REOVOLTA,15100,CARBALLO
Foot on Mars,Calle Las Huertas 41,27400,Monforte
Padelprix Coruña,"Rúa Brasil, 5",15140,Arteixo
ATMOSFERA SPORT PONTEVEDRA,"R/CRUZ GALLASTEGUI, Nº10",36001,Pontevedra
AW Lab Santiago,Avenida del camino francés número 3 as cancelas,15701,Santiago
JUGUETTOS,PLAZA DE PONTENVEDRA Nº 4,15003,A CORUÑA
PISCINA MUNICIPAL DE A GUARDA,"Paseo de Portugal, s/n",36780,A Guarda
Podología Silvia Moreno Campo,"Avenida de vilalba, 89 baixo",27370,Rabade
Atmosfera Sport Maniotas Portonovo,Independencia 6,36970,Portonovo
Mission Surf Shop,Rúa Peregrina 48,36001,Pontevedra
Cempes,PLAZA DE ESPAÑA 4 BAJO,27400,Monforte de Lemos
Nene's Moda Infantil,C/Xoan Carballeira n°16 bajo esquina,36930,Bueu
Alain Afflelou Foz,"Avda da Mariña,40",27780,Foz
Wellness Area,Avenida de Galicia 12,27400,MONFORTE DE LEMOS
+ Visión Florida,Avenida Florida 44,36210,Vigo
Calzados Pachi,Alfredo Brañas 18,15701,Santiago de Compostela
MIMIMOVIVEIROBURELA,RUA MARGARITA PARDO DE CELA 11,27850,VIVEIRO
LITOSPORT,"PRAZA DA MINA,13",36740,TOMIÑO
FIVE,Calle Puente 36 bajo,15009,Coruña
OPTINOVA,"Huertas, 25. Bajo",27400,Monforte de Lemos
Óptica Ollos,"Malecón de Cadarso,3",15200,Noia
Juguetería-Toykids,Av. Celanova 77,32002,A Valenza-Barbadas
Toyclub,C/ Principal 88,15930,Boiro
SneakersNº2,Rua Fonteiriña nº2 bajo,32660,Allariz
Crokotoys-Toykids,C/ Cardenal Quevedo 12,32004,Orense
SHOPMULTIMARCA,"Av. Ribeira Sacra, nº50 Centro comercial Ponte Vella",32003,Ourense
Toyclub,C/ Alcade Fernandez Bermudez nº13,15960,Ribeira
ARGIMIRO TALLER DE OPTICA,CALLE CULTURA 13,15011,LA CORUÑA
VIGO OPTICA,"URZAIZ, 110 BAJO",36204,VIGO
BAP HORSE,C/ Betanzos 1- 2º izq,15004,A Coruña
LA GRANJA DE PERICO,"C/Santo domingo, n19",32003,Ourense
STAR,C/Santo Domingo n39,32003,Ourense
STAR PASEO,Rúa do Paseo nº1,32003,Ourense
SHOPMULTIMARCA PASEO,Rúa do Paseo nº 37,32003,Ourense
LA GRANJA DE PERICO CC,Av. Ribeira Sacra nº50 Centro comercial Ponte Vellas,32003,Ourense
LA GRANJA DE PERICO OUTLET,Rúa Don Pepe Puga nº2,32660,Ourense
STAR OUTLET,Rúa da Cruz nº3,32660,Ourense
Yirandola,Avda.Ernestina otero 21bajo,36800,redondela
Crokotoys-Luarma,C/ Alfredo Nan 8 A bajo,32660,Allariz
BEONE OURENSE,RUA DO SOL 1,32001,OURENSE
TITANIUM OPTICA Y SERVICIOS,garcia camba 5-7 loc2,36001,pontevedra
LA ÓPTICA-SANTIAGO DE COMPOSTELA-,Rúa das Orfas N6,15703,Santiago de Compostela
OPTICA VISION CASTRO,GRAN VIA0136 A,36203,VIGO
CENTRO OPTICO ELISEO,"AVDA ALVARO CUNQUEIRO, 21 - BAJO",27780,Foz (casco
PEPELUCHOS,EDUARDO VINCENTI 17 BJ,36930,BUEU
Xobre Ópticos,"Díaz de Rabago, 5 Baixo",15940,A Pobra do Caramiñal
ÓPTICA MARTÍNEZ,OLIVA 28- BAJO,36001,PONTEVEDRA
Pasos Maxicos,C/Coruña N.10 bajo 2,15270,Cee
Opticalia Centro Optico Boiro,Calle Manuel Maria bajo 4,15930,Boiro
AUDIOVISION,"CALLE CONDE VALLELLANO, 21 - BAJO",32500,O CARBALLIÑO
Centro do Calzado,"C/ Venezuela, 3 bajo",32500,O Carballiño
Vangarda,Plaza Mayor 8,32550,Viana do Bolo
OPTICA PRISMALEN,"SALAMANCA,7",36211,Vigo
BORA BORA,c/Leopoldo Calvo Sotelo bajo 1,27700,ribadeo
HUELLA LALIN,C/ Carballeira da botica N5 Centro Comercial Pontiñas local B53,36500,Lalín
LUNARES,C/HERMANOS MORENO ESQU. LAUREANO PELAEZ NUM 2 BAJO,32600,verin
Drop In Surf,Rua Otero Pedrayo 3,15570,Narón
Calzados parada,Calle Ramón González número 30,36400,O Porriño
Aleali Zapatería,"Plaza Eirado do Sinal, 1 bajo",36940,Cangas
Cris Abad Sarria,Calvo Sotelo 125,27600,sarria
Cris Abad Lalín,Avenida Luis Gonzalez Taboada nº 4,36500,Lalin
Cris Abad Monterroso,Avenida de Lugo 47,27560,Monterroso
Bambino,Rúa da ponte 7 bajo,36900,Marín
OPTICA RIANXO,RUA DO MEDIO 40,15920,Rianxo
Rocío Seleccion,Rodalía de Castro 82,27120,Castroverde
OPTICA RIVEIRA,RUA GALICIA 105,15960,RIBEIRA
Colet Moda,Rafael Tilve Adrio 1,36449,Salceda de Caselas
Calzados Chiqui,Calle Michelena N5,36002,Pontevedra
"RUBALCAVA, ÓPTICA & ACÚSTICA",Rubalcava 10,15402,Ferrol
Optica Neovision,Xuncal 7,15888,Sigueiro
CAMPO BASE,QUIROGA BALLESTEROS 19 bajo,27001,Lugo
Óptica Marín,Méndez Núñez 7,36940,Cangas
THE MONKEY TIME,rua IRMANS MORENO 22 BAIXO,32600,Verin
Happy kids,Rua Colón N 5,36740,Tomiño
4C CENTRO OPTICO,AVDA FERNANDEZ LATORRE 46,15006,A CORUÑA
MC fisioterapia & salud,"Avenida da Coruña, 54, bajo",36005,Pontevedra
OPTICA BUEU,"Pazos Fontenla, 51",36930,Bueu
LAFUGA SPAZIO SL -CORUÑA,"AVDA FINISTERRE, 281",15008,A CORUÑA
OS TEUS ZAPATIÑOS,AVENIDA DEL PARQUE N37,36540,SILLEDA
Federopticos Pereiro,Rua Ponte 6,36500,Lalín
La Casa de las Zapatillas,"C/Panaderas, 57, Bajo",15001,A Coruña
World Zapas,"Rúa Paz N.º 21, baixo",32005,Ourense
ÓPTICA DE LA TORRE,"QUIROGA BALLESTEROS, Nº1, BAJO",27003,LUGO
World,"Rúa Paz N.º 17, bajo",32005,Ourense
Deportes Romar,"Fuente de San Antonio, 30",15702,Santiago de Compostela
Calzados Losada,Avd. Zamora 60 bajo,32005,Ourense
ZAPATERÍA CEMPÉS,PLAZA DO CONCELLO 17 BJ,15960,RIBEIRA
BLACK ESTEVEZ,Miguel Rodríguez bautista nº 7 bajo,15960,Ribeira
CHAMPION SPORT ATMOSFERA,C/Rosalia De Castro nº 18,15960,Ribeira
Sinesia blanco mosquera,Rua AntoniaFerrin Moreiras 1,36600,Lalin
Alain Afflelou optico,Francisco Pérez Carballo 5 loc11 Cc Carrefour,15008,A coruña
zapateria sietleguas,Avenida principal nr 62,15310,Curtis
"1,2,3…Escondite Ingles",Calle Diego Pazos n 40 bajo,27600,Sarria
Galifornia,"Juan Flórez 10, bajo",15004,A Coruña
LAFUGA SPAZIO SL CAMBRE,"CURROS ENRIQUEZ, 31",15679,A CORUÑA
LAFUGA SPAZIO SL-NARON,CRTA CASTILLA 833 BAJO,15572,NARON
LAFUGA SPAZIO SL-SANTIAGO,"RUA CHOUPANA, 22",15706,SANTIAGO
LAFUGA SPAZIO SL-VIGO,"RUA DE VENEZUELA, 6",36203,VIGO
LAFUGA SPAZIO SL-OURENSE,ESTRADA DE VIGO 57,32001,OURENSE
MIDAIR FASHION KIDS,"Avda. da Mariña, 37",27780,Foz
Ratón Pérez,Avenida ortigueira 6 bajo,15320,As pontes
Óptica Amaro Quireza,Velázquez Moreno 47,36202,Vigo
Zapatería Ivani,"Estrada de Castela, 78, Bajo",15570,Narón
OPTICA VAL,"PRAZA ROXA, 8",15701,SANTIAGO DE COMPOSTELA
OPTICA VAL,"REPUBLICA ARXENTINA, 28",15701,SANTIAGO DE COMPOSTELA
OPTICA VAL,"C.C. AREA CENTRAL, L-14F",15707,SANTIAGO DE COMPOSTELA
OPTICA VAL,"PRAZA AVIADOR PIÑEIRO, 2",36960,SANXENXO
OPTICA VAL,"CRTA DA LANZADA, 9",36970,PORTONOVO
OPTICA VAL,"RUA CASTELAO, 3",36980,O GROVE
OPTICA VAL,"AVDA. ZAMORA, 54",32005,OURENSE
OPTICA VAL,"SANTO DOMINGO DA CALZADA, 5",15701,SANTIAGO DE COMPOSTELA
CALZADOS ESCALA,Rua Roldán 4 b,15300,Betanzos
Calzados gayoso,Rua da libertade n 36,27600,Sarria
AW LAB,avenida del camino frances nº3,15701,santiago de compostela
OPTICALIA RIBADEO,"avda galicia, 29",27700,ribadeo
Calzados Tomás,"Rúa do correo,2-bajo",27880,Burela
Zapatitos,Avenida de Galicia n°4 baixo 2,36470,Salceda de Caselas
Doce Opticos Boiro,Robustiano perez del rio 10 bajo,15930,Boiro
CALZADOS Escala,Rua do Castro 9,15300,Betanzos
Bicos de Fío,"Avda de Lugo, 34 Baixo",27240,Meira
Estrenas zapatería,"Avda de Lugo, 55, bajo",15810,A Coruña
Noisiness,Avenida portugal 7,32600,Verin
The Town,C/ Concordia 18 B,32003,Ourense
bicoca MODA HOME,Avenida Castela 4,15300,Betanzos
Akebia Moda,Calle Hnos.moreno 1 bajo,32600,Verin
B12 Moda Infantil,"c/ Francisco Rey Rivero, 6 Bajo A",36620,VILANOVA DE AROUSA
MTS by mitos,"Pontedena, 32 bajo",36697,Dena
MTS by mitos,"Avda González Besada, 20",36620,Vilanova de Arousa
NUBE,Rua do Sol 19,36900,Pontevedra
CASUAL,Rua Peregrina 4,36001,Pontevedra
Axouxere Moda Infantil,"C/Rosalía de Castro,21",36620,VILANOVA DE AROUSA
Deportes Atenas,C/Eduardo Pondal número 30 bajo,27780,Foz
Sergent Major,C/Xunqueira S/N C.CIAL.AROUSA,36600,Villagarcia de Arosa
MERCERIA PACA,Avda. Arcadio Pardiñas,27880,BURELA
Sportmoda,Rúa Unión 8 Baixo,15940,A Pobra do Caramiñal
CASUAL OUTLET,Padre Sarmiento 29 Plaza de la verdura,36002,Pontevedra
CASUAL,Mendez Núñez 43,36900,Pontevedra
CICLOSPORTGIL,RUA ARTURO PEREZ SERANTES 5 BAJO,32005,OURENSE
VISTA OPTICA NARON,C/ CATALUÑA 41-43,15570,NARÓN
OZONO,CALLE CARDENAL 19,27400,MONFORTE DE LEMOS
OPTICA MIRADOR,RUA MARQUES DE VIANA 10º,36450,SALVATERRA DE MIÑO
Super precios,"Avda. Pontevedra,10",36820,Pontecaldelas
DOCE OPTICOS VILAGARCIA,RUA ARZOBISPO LAGO 2 BAJO,36600,VILAGARCIA
OPTICA HERMO,A/MAHIA 60 BERTAMIRANS,15220,BERTAMIRANS
SOHO SANXENXO,"P. PRAIA DE SILGAR, Nº60",36960,SANXENXO
LENERIA-CORSETERIA MONTREAL,"AVENIDA CORUÑA, 137 BJ",27003,LUGO
OPTICA MACEDA,AURELIANO FERREIRO 61,32700,MACEDA
Opticalia Alemana,c/Progreso 91,36880,A Cañiza
FEIJOO,LADEIRA 3,32630,XINZO DE LIMIA
Tiendas Pillados Ribeira,"Avenida Rosalía de Castro, 23",15960,Ribeira
Nenos,Rua ladeira num 5 bajo izq.,32630,Xinzo de limia
RAZA INTERIOR,"HUERTAS, 39",27400,MONFORTE DE LEMOS
CLUB DE GOLF VAL DE ROIS,LUGAR AS GANDARAS S/N,15911,SEIRA
ZAIDA,C/CALVO SOTELO,27600,Sarria
ENTREPICOS,"Modesto Fernández, nº 3 ( al lado plaza Mayor)",32005,Ourense
Golfiños,Calle Mayor número 49,32600,Verin
SBIKE,"RÚA PADRE SEIXAS, NÚM. 38",36209,VIGO
OPTICA VARELA,Teixugueiras 16,36212,Vigo
Tiendas Pillados Boiro,"Avenida da Constitución, 35",15930,Boiro
OPTICA PENIN,"av. madrid, nº3",32630,xinzo de limia
Xadrez O Dragón,"Rúa Compostela 14, Baixo B",36470,Salceda de Caselas
Tiendas Pillados Cangas,"Rúa Eduardo Vicenti, 10, 12",36940,Cangas
Tiendas Pillados Carballo,"Rúa Sol, 4",15102,Carballo
ÓPTICA VINTE,"Rúa Travesa, 1",15895,Milladoiro
Cerezo Bikes S.L.U.,"Avenida Arcadio Pardiñas 192, baixo",27880,Burela
Tiendas Pillados Cee,"Avenida Fernando Blanco, 9",15270,Cee
Tiendas Pillados Padrón,"Rúa Dores, 10",15900,Padrón
MULTIOPTICAS ARTEIXO,AV. BALNEARIO 53 BAJO,15142,ARTEIXO
OLLAR CENTRO ÓPTICO E AUDITIVO,"AVENIDA ROSALIA DE CASTRO 42, BAJO",15895,MILLADOIRO-AMES
BAMBI,"RUA POMBAL, 5",36980,O GROVE
Sergent Major Ourense,Rúa Concordia 16 Bajo izq,32003,Ourense
A&N moda infantil,"C/Huertas,17,bajo",27400,monforte de lemos
NATURCAMIÑ@,"PLAZA PEREGRINA, 3 - LOCAL 5",36001,PONTEVEDRA
Pasiños,Rua Concordia n25 bajo,32003,Ourense
Mercaroupa.com,C/ Concepción Arenal 54,36950,Bueu
DOCE OPTICOS O GROVE,Paseo de Silgar 30,36960,SANXENXO
Merca Zapatos,Avd. Julio Rodríguez Soto Nº24,32500,O Carballiño
Mercaroupa.com,C/ Eduardo Vincenti 1,36930,Bueu
ANA BLANCO CENTRO ÓPTICO,C/LUIS GONZÁLEZ TABAODA 6 BAIXO,36500,lalín
BOAVISIÓN. OPTICA-OPTOMETRIA-TERAPIA VISUAL,HISPANIDADE 91,36203,VIGO
Rosae Saúde e Educación,Avda. Andurique 27,36163,S. Salvador de Poio
TIENDA ROSAL,C ORENSE 36,27430,FERREIRA DE PANTON
Chinela Nenos,Avd da Mariña 29 bajo,27780,Foz
A ratiña presumida,Calle Montemaior 10 bajo,32600,Verin
CDLUSTORE,"AVDA. DOS DEPORTES, S/N",27004,LUGO
VEO VEO CENTRO ÓPTICO,Castelao Nº12,36980,O Grove
Calzados Silvia,Lugar Buria 16 bajo derecha,15123,Camariñas
Centroptica,"Rúa José Regojo, 4 bajo",36800,Redondela
VARELL SPORT,Avda. Luis Glez. Taboada,36500,Lalín
LARALARITA MODA INFANTIL,rua pombal numero 2 bajo,36630,CAMBADOS
Zokos,"Rúa Real, 4",15320,As Pontes
4ELEMENTOS-OURENSE,"Calle Paseo, 27 bajo",32003,Ourense
OPTICALIA CALLAO,Praza Maior 8,27001,Lugo
"MYS OPTICOS, S.L.","RÚA SAN PEDRO, N 41 BAJO",15703,SANTIAGO DE COMPOSTELA
Marathon Running Shop,"Avd. de Oza, 40 Bajo",15006,A Coruña
Tanzana Chano,Rúa outeiro 8,15121,Ponte do Porto
NOVALUX VILALBA,Rúa Plácido Peña 9,27800,Vilalba
OPTICALIA CALLAO,AVDA. INFANTA ELENA CC AS TERMAS,27003,LUGO
OPTICALIA CALLAO,AVDA GALICIA 49 BAJO,15320,AS PONTES DE GARCIA RODRIGUEZ
NOVALUX OPTICA E CENTRO AUDITIVO,Avenida de Galicia 91 bajo,15320,AS PONTES DE GARCIA RODRIGUEZ
BAAMONDE OPTICOS,AVDA. GALICIA 99 BAIXO,15320,AS PONTES DE GARCIA RODRIGUEZ
CENTRO ÓPTICO ANTEOLLO,CONCEPCION AREAL 112,36950,MOAÑA
MULTIÓPTICAS LALÍN,r/ pintor laxeiro nº 5,36500,Lalin
CENTROPTICA VILAGARCIA,CALLE ALCALDE REY DAVIÑA 21,36600,VILAGARCÍA DE AROUSA
Smashvol,"C/ Progreso, 83. Galerías Roma, local 9",32003,Ourense
LENCERÍA LILAS,"Praza da Igrexa, Nº5 - Baixo",36500,Lalín
NOVAVISION,Avda. Lugo 19 bj,15821,Pedrouzo
SUNSET PONTEVEDRA,Rua Peregrina 5 Bj,36001,Pontevedra
CLUB FLUVIAL DE MONFORTE,RUA DO CANEIRO S/N,27400,Monforte de Lemos
Escola Beach Tennis Rías Baixas,AVDA GARCIA BARBON 123 8ºB,36201,VIGO
HIPERCALZADOS RAUL,"R/ JOSE REGOJO, Nº 13",36800,REDONDELA
Dibay,Avda de Orense 45,36900,Marín
Zapy Kids,"Rua O Marino 27 , bajo",36980,O Grove
A POUTADA S.L.U,Avda. Ramiro Carregal Rey 12,15960,RIBEIRA
COLORÍN COLORADO,"R/ Calzada, Nº5 - Baixo",36500,Lalín
DECIMAS COBIAN PONTEVEDRA,Rúa Cobián Roffignac,36002,Pontevedra
POLINESIA AS CANCELAS,Centro Comercial As Cancelas,15703,"SANTIAGO DE COMPOSTELA, A CORUÑA"
ÓPTICA CAMBRE,"PRAZA EUROPA,5",15660,CAMBRE
optica melide,"convento,17",15800,Melide
OPTICALIA MOAÑA,RAMON CABANILLAS 3,36950,MOAÑA
CENTRO OPTICO CANGAS,C/ Felix Soage nº3,36940,CANGAS DE MORRAZO
OPTICA TABORA,"DOCTOR TEIXEIRO, 3",15701,SANTIAGO DE COMPOSTELA
COLORÍN COLORADO,"R/ Alexandra Bóveda, Nº7",15800,Melide
COLORÍN COLORADO,"R/ Calvo Sotelo, Nº103",27600,Sarria
COLORÍN COLORADO,"R/ Cardenal Rodrigo de Castro, Nº1",27400,Monforte de Lemos
OUTLET COLORÍN COLORADO,"Avda. Do Parque, Nº14",36540,Silleda
C&C YOUNG TREND,"R/ Calzada, Nº4 -Baixo",36500,Lalín
C&C YOUNG TREND,"R/ Calvo Sotelo, Nº103",27600,Sarria
d'Ollos Ópticos,Avenida Alcalde Gregorio Espino 30 Bajo,36205,Vigo
OPTICALIA RIBEIRA,PRAZA AYUNTAMENTO 1 BAIXO,15960,RIBEIRA
Opticalia Lentes de Ouro,Rua Lisa 25,32600,Verin
SML,Plaza Santiago Apostol nº 3 bajo,36800,REDONDELA
QUE VES Óptica e Audición,RUA DA PRAVIA Nº23-BAJO,27800,VILALBA
Belle Petite,Juan Fuentes 8,36650,Caldas de Reis
OPTICALIA VIGO,"Progreso, 37",36202,Vigo
Centro Óptico MV,rua anxel baltar 6 bj,15706,Santiago de Compostela
Personal Óptica,Rúa Conde Vallellano 9,36600,Vilagarcía de Arousa
Mercería Salgueiro,Avenida Cruceiro N° 47,36990,Villalonga
VEXOT CENTRO OPTICO,"RÚA ESTATUTO DE GALICIA Nº43, BAIZO ESQQUERDA",15930,BOIRO
Óptica Amaro Quireza,Andalucía 16,36205,Vigo
ALALÁ,Rúa Monte Faro 5 Bj,36500,Lalin
Nicola Calzado Infantil,Calle Ecuador 52 bajo derecha,36203,Vigo
DinyDon Jugueterías,Rúa Concordia 9,32003,Ourense
El Gato Presumido,C/Alcalde Ferreiro N2,36500,Lalin
DinyDon Jugueterías,Rúa Juan XXIII 11,32003,Ourense
CLUB DEPORTIVO CHOCO,ESTRADA CAMPO DE FUTBOL S/N,36800,Redondela
DinyDon Jugueterías,Rúa Río Camba 2,32001,Ourense
DinyDon Jugueterías,Av. de Portugal 42,32600,Verín
DinyDon Jugueterías,Rúa María Berdiales 7,36203,Vigo
DinyDon Jugueterías,Rúa Frei Rosendo Salvado 4,15701,Santiago de Compostela
DinyDon Jugueterías,Rúa Federico Tapia 17,15005,A Coruña
DinyDon jugueterías,"Rúa Real 50, 52",15003,A Coruña
Óptica Döce A Guarda,Concepción Arenal 79,36780,Pontevedra
DinyDon Jugueterías,Rúa San Marcos 19,27001,Lugo
DinyDon Jugueterías,Rúa Bispo Aguirre 13,27002,Lugo
OPTICA VARELA,Calle Pescadores 7,36208,Vigo
DinyDon Jugueterías,Rúa Benito Corbal 64,36001,Pontevedra
A Gafa de Ribadavia,Progreso 39 baixo,32400,Ribadavia
Alain Afflelou Óptico Monforte de Lemos,"Rúa cardenal, 38",27400,MONFORTE DE LEMOS
DinyDon Jugueterías,Rúa Peregrina 38,36003,Pontevedra
Bam Bam Kids,Rúa Antonia Ferrín Moreiras 12 Bajo,36500,Lalín
NOVAVISION,Rúa Alcalde Juan Vidal 17 bj,15810,Arzúa
ALAIN AFFLELOU,Ronda Coruña 16 bj,15800,Melide
Oreiro moda e complementos,Calle tras praia N3,15123,Camariñas
La urbana store,Rua Galicia 27,15960,Ribeira
CALZADOS GONZÁLEZ,C/ La Guardia n5,36740,Tomiño
Trastiños,Praza uxio novoneyra bj4,15960,Ribeira
Deportes Galeusca,Castelao 10,36980,Grove (O)
Sanluis Óptico,"Entrerríos, 8 baixo",15220,Bertamiráns
Dos pies zapatería,"C/ cardenal, 10 bajo",27400,Monforte de Lemos
Opticas roris,Carretera de la vía 116,36350,Nigrán
LA BELLOTA,RUA DA CULTURA Nº2 BJ,15888,SIGUEIRO
Centro Óptico Saudevisión,antonio palacios 20,36400,O Porriño
GALIOPTICA,C/Gondomar 32 bajo,36740,Tomiño
bicicletas chinquena,calle mayor 38 bajo,32600,verin
MULTIOPTICAS BUEU,calle pazos fontenla Nº56,36930,BUEU
CENTRO ÓPTICO JALED,conde fenosa 6 bajo,32300,Barco de Valdeorras
Optica Moderna Federopticos,"Rua Xoan XXIII, 3, local 1",32003,Ourense
OPTICA SERANS,LG. COSTA DA GRANXA Nº1,15970,La Coruña
LUFIBE,"Camiño Real, 45 Bajo drecha",27004,LUGO
Óptica Armaña,Armanya 17,27001,Lugo
Opticalian Callao,Avda de Esteiro 66 Bajo,15403,Ferrol
Eurekakids,ramon cabanillas 12 bjo der,32004,ourense
OPTICA TRAVESIA,Travesia de Vigo 133 bajo,36206,vigo
OPTICALIA TUI,ROSA BAHAMONDE,36700,TUI
NOVALUX OPTICA Y CENTRO AUDITIVO,C/Dolores 21 bajo,15402,FERROL
centro óptico novo milladoiro,travesia do porto s/n,15895,milladoiro
Armería O Taller do Antonio S.L.U.,Rua Acceso ao Polígono 30 bajo2,32901,Ourense
FARMACOR OPTICA,C/ RAMON Y CAJAL 5,36600,VILAGARCIA DE AROUSA
Sueños Melide,Rua do Convento 15,15800,Melide
Terrier by po,Calle Noria n 1,36940,Cangas
OPTICALIA ATLANTICO,"TRAVESÍA DE VIGO, 113",36206,VIGO
RIBALÁ,c/rosalia de castro nº10,15960,RIBEIRA
OPTICA LA GANDARA,nicasio perez lopez 2-4,15570,NARÓN
Óptica Brigantium,Avenida Jesús García Naveira 11-13,15300,Betanzos
ZENVISIÓN,"Rúa Mondoñedo, 5 baixo",36700,Tui
Mystery Gate Escape Room,"Travesía de Meicende 190 bajo D, Meicende",15140,Meicende
Sapitosysirenas,Calle Saviñao número 19 piso 3c,27400,MONFORTE DE LEMOS-LUGO
Óptica Camiño,"Concheiros, 17 Baixo",15703,Santiago
SIRO´S,"RUA GUMERSINDO NARTALLO, NÚM. 8",36600,VILAGARCIA DE AROUSA
PORTONOVO S.D,Campo de Baltar 4,36970,Portonovo
YOUR WAY STORE,C/Peregrina 6,36001,Pontevedra
ANGEL LORES ZAPATERIA,avda vilar 27,36990,VILLALONGA-SANXENXO
OUTLET SPORT,"Avenida Principal, 206 - Poligono Industrial de A Granxa",36475,PORRIÑO
Óptica Diagonal,Xoan XXIII Nº5 baixo,32003,Ourense
LUKUS OPTICS,Calle Conde Pallares nº2 Bajo izq,27001,Lugo
OPTICA VISION NOVA ROSA,"C/VENEZUELA,15",36203,Pontevedra
CASA DE LOS LENTES OPTICALIA,"PASEO, 2",32003,ourense
BMSNEAKRES,Rúa Ecuador 57 baixo,36203,VIGO
CASA DE LOS LENTES OPTICALIA,"RUA GENERAL PARDIÑAS, 11 BAJO",15701,SANTIAGO DE COMPOSTELA
CASA DE LOS LENTES OPTICALIA,"RUA BENITO CORBAL, 52 BAJO",36001,PONTEVEDRA
OPTICA ENRIQUEZ,"CAMIÑO NOVO,5",15100,CARBALLO
Texas Moda,Rúa de Galicia 41,27800,Vilalba
UN PASO ADELANTE,"ESTRADA DA GÁNDARA, 88, BJ",15570,A GANDARA
OPTICA ENRIQUEZ,"AVDA. DA MAHIA, 62",15220,BERTAMIRANS
Óptica Mar,Balbis 7 baixo,15360,Cariño
OPTICA ENRIQUEZ,"C/ SANTA LUCIA ,3",15145,LARACHA
ALAIN AFFLELOU OPTICA,AVDA. DA MAHIA 52,15220,BERTAMIRANS
Deportes Novo,Av Balneario 26 bajo,15142,Arteixo
OPTIENS,AVDA HISPANIDAD Nº112,36203,VIGO
Go&Vac,Avenida Terra Chà 18 bajo,27800,Vilalba (Casco Urbano)
INNOVA ÓPTICOS,AVDA. BENITO VIGO 35,36680,A ESTRADA
Veguay,C.C. Area Central local 16 A,15705,Santiago de Compostela
Alain Afflelou,"Avda Montero Rios, 16",36940,Cangas
illa de Arousa,c/ bao s/n,36626,ILLA DE AROUSA
BICICLETAS DA CUNHA MOURE,plaza de mariñamansa 1 baixo,32005,ourense
Nativos Surf Club Ferrol,Rua Nogueira 8. Planta-1-D,15405,Ferrol
OPTICA TAMBRE,R/ CURUXA Nº1 LOCAL 5-B,15895,MILLADOIRO- AMES
BELAVISTA OPTICA,"Pazos Fontenla 42, baixo",36930,Bueu
Lenceria ZOE,Amado Garra,36860,Ponteareas
INNOVA OPTICA,C/Concepción Arenal 76,36950,MOAÑA
optica alea,"c/san andres 9, bajo",15003,a coruña
MONTE REAL CLUB DE YATES DE BAIONA,"RECINTO DEL PARADOR, S/N",36300,Pontevedra
OPTICA TITANIUM,"AVENIDA DO PARQUE, 35",36540,SILLEDA
OPTICA LOJO,Atalaia 80,15984,Rianxo
SERRAT OPTICO,RUA PIZARRO 33,36204,Vigo
Opticalia Vilagarcia,"alcalde rey daviña,2",36600,vilagarcia de arousa
ALAIN AFFLELOU,MANUEL AZAÑA 68 BAIXO,15011,A CORUÑA
LA MODA SPORT,"Reynante,5",27700,Ribadeo
MIOKIO OPTICOS,HOSPITAL 12,15002,A Coruña
Aries Moda,Avenida Terra Cha 15 bajo,27800,Vilalba
A dos nenos,Justo Martínez 19bajo,36680,A estrada
Fisiomaceda,Carreira cova 14 B,32700,Maceda
VALERO OPTICA Y AUDIOLOGIA,C/MURILLO Nº 22 ESQUINA MEDICO VALERO,15570,NARON
Óptica Moinelo,"Avda.Principal, 12",15310,Curtis
MULTIOPTICAS,Cantón Grande 2,15003,A Coruña
Centróptica,"Rúa Dr Marañón, 2 bajo",32005,Ourense
CENTRO OPTICO NARON,CARRETERA DE CASTILLA 119,15570,NARON
LUGÓPTICA,calle Progreso 5 bajo,27001,Lugo
miniklass,robustiano pérez del río núm 20 bajo,15930,BOIRO
optica varela,calle Progreso 81 bajo,32003,OURENSE
Óptica Caramiñal,"Rua da Paz,2",15940,A pobra do caramiñal
Óptica Rego,Avda cantarrana 17 Bajo Covas viveiro Lugo,27861,Viveiro
zapatería Joysa,"lodeiro piñeiroa, n 12",27740,Mondoñedo
Doce OPTICOS Pontevedra,"CASTELAO, 3",36001,PONTEVEDRA
OPTICA TERESA FEÁS,"AVDA XOAN XXIII,37-39",27500,CHANTADA
LOLITA KIDS NOIA,Rua do Curro 20,15200,NOIA
LOLITA MODA NOIA,rua do curro 20,15200,NOIA
OPTICA SILVA,"Trasdeza, 61",36540,Silleda
Alain Afflelou,Calle Tomás María Mosquera 10-12,32500,O Carballiño
Óptica Carreira,Reinante 11,27700,Ribadeo
ÓPTICA CÍES,"C/ Travesía de Vigo, 69",36206,Vigo
Federopticos Sánchez Lázaro,Fernández Latorre 42 bajo,15006,A Coruña
SPORTMADNESS,Calle Manuel Murguia 17 Bajo,15011,A CORUÑA
OPTICA DE LA PEÑA,C/ DOCTOR CASARES 34,27400,MONFORTE DE LEMOS
VILAOPTICA,RUA XUNQUEIRA-CENTRO COMERCIAL AROUSA,36600,VILAGARCIA DE AROUSA
TROITAMAR SL,c/ entrepeñas 26 bj,15010,A CORUÑA
Mocosines,"C/Amado Garra, N°9- Bajo",36860,Ponteareas
4ELEMENTOS-VIGO,"Calle Príncipe 52, bajo",36202,Vigo
4ELEMENTOS-A CORUÑA,"Calle Real 94, bajo",15003,A Coruña
Ojos Óptica,Garcia Barbón 81 bajo,36201,Vigo
OPTICA TRAVESIA,"RUA ALFONSO XII , 27",36800,REDONDELA
A & J COMPLEMENTOS,Av Florida 35 bajo,36210,Pontevedra
ALAIN AFFLELOU,AVENIDA FISTERRA 165 BAIXO,15142,ARTEIXO
ALAIN AFFLELOU,JUAN FLOREZ 3 BAIXO,15004,A CORUÑA
ALAIN AFFLELOU,LINARES RIVAS 21,15160,SADA
REVOLUTRION,Calle Galicia 88,15960,Ribeira
OPTICA TERESA FEÁS,"Avda General Salgado,2",27560,Monterroso
Opticalia Callao,Plaza del Callao 25 Bajo,15402,Ferrol
Opticalia Callao,Calle Real 110 Bajo,15402,Ferrol
Opticalia Callao,Centro Comercial Odeon,15570,Naron
Opticalia Callao,Avenida Escola de Gaitas 73 Bajo,15330,Ortigueira
Óptica Selgad,Avda. Jesús Garcia Naveira 16,15300,Betanzos
Optica Lethes,"Avd. de Madrid, 4",32630,Xinzo De Limia
Creando e Costureando,Fonte de Ons 44 bajo,36990,Sanxenxo
UNIT365,"RUA OLIVEIRAS, 35. POL NOVO MILLADOIRO",15895,MILLADOIRO
OPTICA LAFUENTE,"Marques de Riestra, 10",36001,PONTEVEDRA
FÚTBOL EMOTION,ESTRADA BAÑOS DE ARTEIXO Nº 43 LOCAL 1.53-54 CC MARINEDA CITY,15008,A CORUÑA
LUGOPTCA,Avenida de la Coruña 27,27003,Lugo
PRADO SURF ESCOLA,Avda. Cesáreo Vázquez 14,36390,VIGO
Óptica Argos,Rua Urzaiz N72 Baixo,36204,Vigo
CICLOS ROCA,"Estrada de Castela, 289, baixo",15405,FERROL
GOLF XAZ,"RUA CASTRO DE XAZ, 18",15178,OLEIROS
OPTICA TABORA BETANZOS,"C/VALDONCEL, Nº 2",15300,BETANZOS
OPTICA TABORA MELIDE,"C/PROGRESO, 13",15800,MELIDE
OPTICA TABORA PONTEDEUME,"C/FERREIROS, 3",15600,PONTEDEUME
OXFORD BOUTIQUE,"EDUARDO VINCENTI, 11 BAJO",36930,Bueu
CENTRO OPTICO MARIAMERA,"Avda Escola de Gaitas,98",15330,Ortigueira
Federópticos doval,"Concepción arenal, 5 bajo",36900,Marin
Calzados Petete,Diego Pazos 52 bajo,27600,sarria
CODIGO BIKE,AV OTERO PEDRAYO 32,32004,OURENSE
ARCOIRIS,"Rúa Miraflores, 17",15840,Santa Comba
Optica M&L,AVDA CRUCEIRO Nº48,36990,villalonga(sanxenxo)
ANAIS,"calle Reinante, 16 bajo",27700,Ribadeo
OPTICA CASTIÑEIRIÑO,castiñeiriño 5,15702,SANTIAGO
SERRAT OPTICO,AVDA. FRAGOSO 70,36210,Vigo
CENTRO PIEL,REAL 155,15402,FERROL
Pintaletras,Calle castelao 6,36680,A Estrada
CASA DE LOS LENTES OPTICALIA,"SANTO DOMINGO, 45",32003,OURENSE
CASA DE LOS LENTES OPTICALIA,"C.C. AS CANCELAS, planta baja - local 22",15703,SANTIAGO DE COMPOSTELA
CASA DE LOS LENTES OPTICALIA,"CARDENAL, 22",27400,Monforte de Lemos
General Óptica Cambados,"Plz. Ramón Cabanillas, bajo 8",36630,Cambados
The Lab Costa da Unión,"CALLE COSTA DA UNIÓN 26, BAJO",15005,A CORUÑA
Ponte Zapatillas,"Rúa Progreso, 21",36960,Sanxenxo
ÓPTICA NOVA VISIÓN,Rua Irida 6 bajo izquierda,36680,A Estrada
Mercería O Fío,"Calle Buenos Aires, 5 bajo",36740,Tomiño
FEDERACION GALEGA DE CICLISMO,"Rúa Fotógrafo Luis Ksado, 17",36209,Vigo
OPTICA PARAMO,"PÁRAMO 3, BAJO IZDA",15011,A CORUÑA
Decathlon Ferrol,"Est. de San Pedro, s/n",15405,Ferrol
OPTICA SANTA LUCIA,RONDA DE NELLE 110 BAJO D,15010,A Coruña
The Lab Pérez Cepeda,"Calle Jose Luis Pérez Cepeda, 20 Bajo",15004,A Coruña
LOLITA MODA BOIRO,santos Mieites 8,15200,Boiro
LOLITA MODA RIVEIRA,plaza concello sn,15960,Ribeira
LOLITA MODA BERTAMIRANS,avda Peregrina 1,15220,Bertamirans
LOLITA MODA PONTEVEDRA,Fray Juan navarrete 8,36001,Pontevedra
LOLITA MODA OUTLET,"C | Esquina Amarela, Rúa de Paris CC Area Central",15707,Santiago de Compostela
LOLITA KIDS BOIRO,"Rúa Doutor Santos Mieites, 8",15930,Boiro
LOLITA KIDS RIVEIRA,calle lugo 1,15960,Ribeira
The Lab Vigo-Vivagym,Calle María Berdiales 24,36203,Vigo
GIMNASIO LUGO,Rua Mondoñedo 38-40,27004,lugo
ALAIN AFFLELOU OPTICO Y AUDIOLOGO,CC ALCAMPO FERROL,15404,FERROL
O Gato Con Botas,C/PLÁCIDO PEÑA.8 bajo,27800,Vilalba
Centro óptico e auditivo Vanesa López,Estrada xeral num 2 Mañente Villaronte,27788,Foz
Mercería Isabel,Camino de Ovedo,15800,Melide
VICKY NORES,"REAL, 163",15402,FERROL
CENTROMODA,"CARRETERA DE CASTILLA , 177",15404,FERROL
VICKY NORES III,"CARRETERA DE CASTILLA, 187",15404,FERROL
RECORD,"MAGDALENA, 158",15402,FERROL
ALAIN AFFLELOU OPTICO,C.C PARQUE FERROL CARREFOUR,15405,FERROL
Centro Óptico Bergantiños,"Gran Vía, 23-25",15100,Carballo
Ortopedia Ortoteco sl,Alfredo Vicenti 43 bajo,15004,A Coruña
ADIDAS VIALIA VIGO,"Plaza Estación 1, Centro Comercial Vialia Vigo",36201,Santiago de Vigo
El patio de Hugo,Avenida Florida 34 local 1,36210,Vigo
WAVES,C/ Real 128 BAJO,15402,FERROL
Óptica Anteollos,"Rúa Miguel Angel Blanco, 3",32800,Celanova
CENTRO OPTICO A ESTRADA,"C/JUSTO MARTINEZ ,19 BAIXO",36680,A Estrada
ALI BEBE,"Poligono de La Gándara, p.23",15404,Ferrol
DEPORTES JSC CAZA Y PESCA,"Avd. de Orense, N° 30 Bajo",27200,Palas de Rei
GALIBICI VIGO,"Estrada Vao, 94 baixo dereira",36331,VIGO
Decathlon Santiago Compostela,"Rua Polonia, 2",15707,santiago compostela
SANJURJO MODA,"C/GALICIA,24",27800,VILALBA
Pasos-Bailegalicia,Plaza Francisco Fernández del Riego s/n (Plaza Elíptica),36203,Vigo
Centrovision Marin,Jaime Janer 4-6,36900,Marin
Decathlon Vigo,"Avenida Madrid, 152",36214,vigo
Decathlon Nigrán,"Rua das pontes, 2",36350,Nigran
Decathlon Oleiros,"Avenida das Mariñas, 53A",15171,Oleiros
ALI JUGUETES,"POLIGONO DE LA GANDARA , PARC.23",15404,FERROL
Calzados Bambino,Avenida Florida nº 8 bajo,36210,Vigo
Decathlon City Ourense,Rua Paseo 8,32003,ourense
Decathlon Ribadeo,"Av. da Ría de Ribadeo,10",27710,Ribadeo
"Óptica 3, Rd","Plaza de Rivadavia, 2",36800,Redondela
A optica da illa,Avda castelao 101,36626,Illa de arousa
CAMPITO F.S.,CAMIÑO DA FORMIGA 8,36320,CHAPELA
Decathlon Lugo,"Via A, Parque Empresarial As Gándaras, Rúa A, Parcela R,",27003,lugo
SANJURJO MODA,"RUA DEPUTACIÓN, 7",27300,GUITIRIZ
SANJURJO MODA,"RUA ROSALIA DE CASTRO, 4",27700,RIBADEO
ESPRIT RIBADEO,"C/ RODRIGUEZ MURIAS, 15",27700,RIBADEO
SANJURJO MODA,PLAZA DE LUGO,27850,VIVEIRO
Decathlon Coruña,"Centro Comercial Marineda City, Av. de Arteixo, 43",15008,coruña
ANELA SC,RUA PEREGRINA 13,36680,A ESTRADA
ACTITUDY CONCEPT STORE,Rúa da Cruz,27001,LUGO
Ceibes Barefoot Shoes,"Plaza alcalde José Mosquera Díaz , 2 bajo derecha",15142,Arteixo
CENTRO PODOLÓGICO GALLEGO,Calle Colón 7 1º oficina 1-2,36201,Vigo
Clínica do Pé Antía Morán,Atalaia 41,15984,Asados
LUCUS AVENTUR,"Lg Bandelo, 16",27299,Ombreiro
Decathlon City Coruña,"Rúa Real, 48",15003,coruña
Mi casita del árbol,Castelao 3 bajo,36980,O Grove
Decathlon City Vigo,"Praza Estación, 1 Santiago de vigo",36201,vigo
ARTABROS,"Rúa Santa Teresa, 14-baixo",15002,A Coruña
DEKOR-EO,ESTRADA XERAL 102.BAIXO,27720,A PONTENOVA
Método e³ | EducaEntrenaEmociona,"Avenida de A Coruña, 401",27003,Lugo
Decathlon City Santiago,"Rúa da República de El Salvador, 31-33",15701,santiago compostela
Fusión,"Rúa Lepanto,32 baixo",32630,Xinzo de Limia
DECIMAS CORISTANCO,Centro comercial Carrefour Coristanco,15147,Coristanco
DECIMAS CUATRO CAMINOS,CENTRO COMERCIAL CUATRO CAMINOS,15006,CORUÑA
DECIMAS FERROL ALCAMPO,POLIGONO INDUSTRIAL DE GANDARA,15407,FERROL
DECIMAS CORUÑA,CENTRO COMERCIAL CARREFOUR,15008,CORUÑA
DECIMAS DOCTOR CASTRO LUGO,RUA DOCTOR CASTRO 16,27001,LUGO
DECIMAS GALICIA RIBEIRA,RUA DE GALICIA 49,15960,RIBEIRA
DECIMAS LALIN,CENTRO COMERCIAL DEZA EROSKI,36500,LALIN
DECIMAS LAS TERMAS,CENTRO COMERCIAL LAS TERMAS,27003,LUGO
DECIMAS LUGO,CENTRO COMERCIAL CARREFOUR,27071,LUGO
DECIMAS AS CANCELAS,CENTRO COMERCIAL AS CANCELAS,15703,SANTIAGO DE COMPOSTELA
DECIMAS PONTEVEDRA,CENTRO COMERCIAL CARREFOUR PONTEVEDRA,36143,PONTEVEDRA
DECIMAS MARINEDA,CENTRO COMERCIAL MARINEDA CITYPOLIGONO,15008,CORUÑA
DECIMAS MONTERO RIOS,RUA MONTERO RIOS 22,15701,SANTIAGO DE COMPOSTELA
DECIMAS GRAN VIA VIGO,CENTRO COMERCIAL GRAN VIA DE VIGO,36210,VIGO
DECIMAS PUERTA DEL SOL VIGO,CALLE PUERTA DEL SOL 271,36202,VIGO
DECIMAS PONTE VELLA,CENTRO COMERCIAL PONTE VELLA,32003,OURENSE
DECIMAS PARQUE FERROL,CENTRO COMERCIAL PARQUE FERROL,15405,CORUÑA
DECIMAS VIALIA VIGO,CENTRO COMERCIAL VIALIA VIGO,36201,VIGO
TENTH VIALIA VIGO,CENTRO COMERCIAL VIALIA VIGO,36201,VIGO
DECIMAS OUTLET CORUÑA,CENTRO COMERCIAL LA CORUÑA THE STYLE OUTLET,15189,CORUÑA
DECIMAS REDONDELA,PLAZA DE LA CONSTITUCIÓN 3,36800,REDONDELA
DECIMAS ORENSE,CENTRO COMERCIAL CARREFOUR,32002,OURENSE
DECIMAS VIGO,CENTRO COMERCIAL AL CAMPO VIGO II,36204,VIGO
DECIMAS VICENTI CANGAS,AVENIDA DE VICENTI 4,36940,CANGAS
DECIMAS VILLAGARCIA AROUSA,"RUA ALCALDE REY DAVIÑA, 18",33600,VILLAGARCIA DE AROUSA
POLINESIA COBIAN PONTEVEDRA,CALLE COBIAN ROFFIGNAN 14,36002,PONTEVEDRA
POLINESIA LALIN,CENTRO COMERCIAL DEZA,36500,LALIN
POLINESIA MARINEDA,CENTRO COMERCIAL MARINEDA CITY,15008,CORUÑA
POLINESIA PONTE VELLA,CENTRO COMERCIAL PONTE VELLA,32003,OURENSE
POLINESIA VILLAGARCIA,RUA ALCALDE REY DAVIÑA 18,36600,VILLAGARCIA DE AROUSA
DECIMAS O BARCO,CALLE CONDE FENOSA 37,32300,Barco de Valdeorras
DECIMAS LA BARCA,CENTRO COMERCIAL LA BARCA,36005,PONTEVEDRA
Alain Afflelou Optico C.C Dolce Vita Odeón,C.C Dolce Vita Odeon,15570,Narón
FOM NOIA-SNEAKER STORE NOIA,"C/ COMERCIO, 10",15200,NOIA
